{
    "appenders": [
        {
            "type": "dateFile",
            "filename": "${opts:base}/memdb-server-${opts:shardId}.log",
            "pattern": "-yyyyMMdd",
            "layout": {
                "type": "basic"
            },
            "backups": 5,
            "category":"memdb"
        },
        {
            "type": "dateFile",
            "filename": "${opts:base}/memdb-client.log",
            "pattern": "-yyyyMMdd",
            "layout": {
                "type": "basic"
            },
            "backups": 5,
            "category":"memdb-client"
        },
        {
            "type": "dateFile",
            "filename": "${opts:base}/memdb-test.log",
            "pattern": "-yyyyMMdd",
            "layout": {
                "type": "basic"
            },
            "backups": 5,
            "category":"test"
        }
    ],

    "levels" : {
    },

    "replaceConsole": false,
    "lineDebug": false
}
