{
	"layers": {
		"background": {
			"constructor": "lychee.game.Layer",
			"arguments": [{}],
			"blob": {
				"entities": [{
					"constructor": "lychee.game.Background",
					"arguments": [{
						"color": "#8dc435"
					}]
				}],
				"map": {
					"background": 0
				}
			}
		},
		"ui": {
			"constructor": "lychee.ui.Layer",
			"arguments": [{}],
			"blob": {
				"entities": [{
					"constructor": "game.entity.Board",
					"arguments": [{
						"position": {
							"x": 0,
							"y": 0
						}
					}]
				}, {
					"constructor": "game.ui.Button",
					"arguments": [{
						"state": "back",
						"position": {
							"x": -160,
							"y": -192
						}
					}]
				}, {
					"constructor": "game.ui.Label",
					"arguments": [{
						"label": "0 : 0",
						"position": {
							"x":  128,
							"y": -192
						}
					}]
				}],
				"map": {
					"board": 0,
					"back":  1,
					"score": 2
				}
			}
		}
	}
}
