{
	"layers": {
		"background": {
			"constructor": "lychee.game.Layer",
			"arguments": [{}],
			"blob": {
				"entities": [{
					"constructor": "lychee.game.Background",
					"arguments": [{
						"color": "#3f7cb6"
					}]
				}, {
					"constructor": "game.entity.lycheeJS",
					"arguments": [{}]
				}],
				"map": {
					"background": 0,
					"lycheeJS": 1
				}
			}
		},
		"ui": {
			"constructor": "lychee.ui.Layer",
			"arguments": [{}],
			"blob": {
				"entities": [{
					"constructor": "game.ui.Layer",
					"arguments": [{
						"label": "Tic Tac Toe"
					}],
					"blob": {
						"entities": [{
							"constructor": "game.ui.Button",
							"arguments": [{
								"label": "New Game",
								"position": {
									"x": 0,
									"y": 16
								}
							}]
						}, {
							"constructor": "game.ui.Button",
							"arguments": [{
								"label": "Settings",
								"position": {
									"x": 0,
									"y": 144
								}
							}]
						}],
						"map": {
							"newgame":  0,
							"settings": 1
						}
					}
				}, {
					"constructor": "game.ui.Layer",
					"arguments": [{
						"label": "Settings"
					}],
					"blob": {
						"entities": [{
							"constructor": "game.ui.Button",
							"arguments": [{
								"state": "back",
								"position": {
									"x": -192,
									"y": -96
								}
							}]
						}, {
							"constructor": "game.ui.Button",
							"arguments": [{
								"label": "Fullscreen Off",
								"state": "default",
								"position": {
									"x": 0,
									"y": -16
								}
							}]
						}, {
							"constructor": "game.ui.Button",
							"arguments": [{
								"label": "Sound On",
								"state": "active",
								"position": {
									"x": 0,
									"y": 80
								}
							}]
						}, {
							"constructor": "game.ui.Button",
							"arguments": [{
								"label": "Debug On",
								"state": "active",
								"position": {
									"x": 0,
									"y": 176
								}
							}]
						}],
						"map": {
							"back": 0,
							"fullscreen": 1,
							"sound": 2,
							"debug": 3
						}
					}
				}],
				"map": {
					"welcome": 0,
					"settings": 1,
					"highscores": 2
				}
			}
		}
	}
}
