{
    "appenders": [
        {
            "type": "console"
        },
        {
            "type": "dateFile",
            "filename": "${opts:base}/logs/con-log-${opts:serverId}.log",
            "pattern": "-yyyyMMdd",
            "layout": {
            "type": "basic"
            },
            "backups": 5,
            "category": "con-log"
        },
        {
            "type": "dateFile",
            "filename": "${opts:base}/logs/rpc-log-${opts:serverId}.log",
            "pattern": "-yyyyMMdd",
            "layout": {
            "type": "basic"
            },
            "backups": 5,
            "category": "rpc-log"
        },
        {
            "type": "dateFile",
            "filename": "${opts:base}/logs/forward-log-${opts:serverId}.log",
            "pattern": "-yyyyMMdd",
            "layout": {
            "type": "basic"
            },
            "backups": 5,
            "category": "forward-log"
        },
        {
            "type": "dateFile",
            "filename": "${opts:base}/logs/crash-${opts:serverId}.log",
            "pattern": "-yyyyMMdd",
            "layout": {
            "type": "basic"
            },
            "backups": 5,
            "category":"crash-log"
        },
        {
            "type": "dateFile",
            "filename": "${opts:base}/logs/admin.log",
            "pattern": "-yyyyMMdd",
            "layout": {
                "type": "basic"
              }
            ,"backups": 5,
            "category":"admin-log"
        },
        {
            "type": "dateFile",
            "filename": "${opts:base}/logs/pomelo-${opts:serverId}.log",
            "pattern": "-yyyyMMdd",
            "layout": {
                "type": "basic"
              }
            ,"backups": 5,
            "category":"pomelo"
        },
        {
            "type": "dateFile",
            "filename": "${opts:base}/logs/pomelo-admin.log",
            "pattern": "-yyyyMMdd",
            "layout": {
                "type": "basic"
              }
            ,"backups": 5,
            "category":"pomelo-admin"
        },
        {
            "type": "dateFile",
            "filename": "${opts:base}/logs/pomelo-rpc-${opts:serverId}.log",
            "pattern": "-yyyyMMdd",
            "layout": {
                "type": "basic"
              }
            ,"backups": 5,
            "category":"pomelo-rpc"
        },
        {
            "type": "dateFile",
            "filename": "${opts:base}/logs/memdb-client-${opts:serverId}.log",
            "pattern": "-yyyyMMdd",
            "layout": {
                "type": "basic"
              }
            ,"backups": 5,
            "category":"memdb-client"
        },
        {
            "type": "dateFile",
            "filename": "${opts:base}/logs/connector-${opts:serverId}.log",
            "pattern": "-yyyyMMdd",
            "layout": {
                "type": "basic"
              }
            ,"backups": 5,
            "category":"connector"
        },
        {
            "type": "dateFile",
            "filename": "${opts:base}/logs/route-${opts:serverId}.log",
            "pattern": "-yyyyMMdd",
            "layout": {
                "type": "basic"
              }
            ,"backups": 5,
            "category":"route"
        },
        {
            "type": "dateFile",
            "filename": "${opts:base}/logs/push-${opts:serverId}.log",
            "pattern": "-yyyyMMdd",
            "layout": {
                "type": "basic"
              }
            ,"backups": 5,
            "category":"push"
        },
        {
            "type": "dateFile",
            "filename": "${opts:base}/logs/timer-${opts:serverId}.log",
            "pattern": "-yyyyMMdd",
            "layout": {
                "type": "basic"
              }
            ,"backups": 5,
            "category":"timer"
        },
        {
            "type": "dateFile",
            "filename": "${opts:base}/logs/player-${opts:serverId}.log",
            "pattern": "-yyyyMMdd",
            "layout": {
                "type": "basic"
              }
            ,"backups": 5,
            "category":"player"
        },
        {
            "type": "dateFile",
            "filename": "${opts:base}/logs/area-${opts:serverId}.log",
            "pattern": "-yyyyMMdd",
            "layout": {
                "type": "basic"
              }
            ,"backups": 5,
            "category":"area"
        },
        {
            "type": "dateFile",
            "filename": "${opts:base}/logs/team-${opts:serverId}.log",
            "pattern": "-yyyyMMdd",
            "layout": {
                "type": "basic"
              }
            ,"backups": 5,
            "category":"team"
        }
    ],

    "levels" : {
    },

    "replaceConsole": true,

    "lineDebug": false
}
