{
  "framework": "ChocolateChip-UI",
  "url": "http://www.chocolatechip-ui.com",
  "framework_current_version" : "3.9.0",
  "comparison_data_last_update" : "3.8.11",

  "ios":"true",
  "android":"true",
  "windowsmobile":"",
  "windowsphone":"true",
  "blackberry":"",
  "symbian":"",
  "meego": "",
  "maemo": "",
  "webos": "",
  "bada": "",
  "javame": "",

  "mobilewebsite": "true",
  "webapp": "true",
  "nativeapp": "",
  "hybridapp": "true",

  "php": "",
  "java": "",
  "ruby": "",
  "actionscript": "",
  "csharp": "",
  "lua": "",
  "html": "true",
  "css": "true",
  "js": "true",
  "cplusplus": "",
  "visualeditor": "",

  "accelerometer": "",
  "camera": "",
  "capture": "",
  "compass": "",
  "connection": "",
  "contacts": "",
  "device": "",
  "nativeevents": "",
  "file": "",
  "geolocation": "",
  "notification": "",
  "storage": "",
  "gestures_multitouch": "true",
  "messages_telephone": "",
  "bluetooth": "",
  "nfc": "",
  "vibration": "",


  "cd": "",
  "widgets": "",
  "accessibility": "partially",

  "sdk": "",
  "encryption": "",
  "ads": "",

  "free": "true",
  "opensource": "true"
}