{
    "shards" : {
        "gate-server" : {
            "host" : "127.0.0.1",
            "port" : 31047
        },
        "connector-server-1" : {
            "host" : "127.0.0.1",
            "port" : 31047
        },
        "connector-server-2" : {
            "host" : "127.0.0.1",
            "port" : 31047
        },
        "player-server-1" : {
            "host" : "127.0.0.1",
            "port" : 31017
        },
        "player-server-2" : {
            "host" : "127.0.0.1",
            "port" : 31017
        },
        "area-server-1" : {
            "host" : "127.0.0.1",
            "port" : 31027
        },
        "area-server-2" : {
            "host" : "127.0.0.1",
            "port" : 31027
        },
        "team-server-1" : {
            "host" : "127.0.0.1",
            "port" : 31037
        },
        "team-server-2" : {
            "host" : "127.0.0.1",
            "port" : 31037
        }
    },
    "backend" : {
        "engine" : "mongodb",
        "url" : "mongodb://localhost/quick-pomelo"
    }
}
