{
	"map": {
		"active": [
			{
				"x": 0,
				"y": 0,
				"w": 384,
				"h": 64,
				"width": 384,
				"height": 64
			}
		],
		"default": [
			{
				"x": 0,
				"y": 64,
				"w": 384,
				"h": 64,
				"width": 384,
				"height": 64
			}
		],
		"back": [
			{
				"x": 0,
				"y": 128,
				"w": 64,
				"h": 32,
				"width": 64,
				"height": 32
			}
		]
	},
	"shape": 0,
	"states": {
		"active": {
			"animation": false
		},
		"default": {
			"animation": false
		},
		"back": {
			"animation": false
		}
	}
}
