<?xml version="1.0" encoding="UTF-8"?>
<beans xmlns="http://www.springframework.org/schema/beans"
       xmlns:aop="http://www.springframework.org/schema/aop"
       xmlns:context="http://www.springframework.org/schema/context"
       xmlns:mvc="http://www.springframework.org/schema/mvc"
       xmlns:tx="http://www.springframework.org/schema/tx"
       xmlns:xsi="http://www.w3.org/2001/XMLSchema-instance"
       xsi:schemaLocation="http://www.springframework.org/schema/aop
        http://www.springframework.org/schema/aop/spring-aop-3.2.xsd
        http://www.springframework.org/schema/beans
        http://www.springframework.org/schema/beans/spring-beans-3.2.xsd
        http://www.springframework.org/schema/context
        http://www.springframework.org/schema/context/spring-context-3.2.xsd
        http://www.springframework.org/schema/mvc
        http://www.springframework.org/schema/mvc/spring-mvc-3.2.xsd
        http://www.springframework.org/schema/tx
        http://www.springframework.org/schema/tx/spring-tx-3.2.xsd">

    <mvc:annotation-driven />
    <mvc:default-servlet-handler/>
    <context:component-scan base-package="com.web" />

    <bean id="velocityConfigurer" class="org.springframework.web.servlet.view.velocity.VelocityConfigurer">
        <property name="resourceLoaderPath" value="/WEB-INF/views/"/>
        <property name= "velocityProperties">
            <props>
                <prop key="input.encoding">utf-8</prop>
                <prop key="output.encoding">utf-8</prop>
                <prop key="userdirective">com.baidu.fis.velocity.directive.Html, com.baidu.fis.velocity.directive.Head, com.baidu.fis.velocity.directive.Body, com.baidu.fis.velocity.directive.Require, com.baidu.fis.velocity.directive.Script, com.baidu.fis.velocity.directive.Style, com.baidu.fis.velocity.directive.Uri, com.baidu.fis.velocity.directive.Widget, com.baidu.fis.velocity.directive.Block, com.baidu.fis.velocity.directive.Extends</prop>
            </props>
        </property>
    </bean>

    <bean id="velocityViewResolver" class="org.springframework.web.servlet.view.velocity.VelocityViewResolver">
        <property name="cache" value="true"/>
        <property name="prefix" value=""/>
        <property name="suffix" value=".vm"/>
        <property name="cacheUnresolved" value="false" />
        <property name="exposeSpringMacroHelpers" value="true"/>
        <property name="contentType" value="text/html;charset=UTF-8" />
        <property name="attributesMap">
            <map>
                <entry key="esc"><bean class="org.apache.velocity.tools.generic.EscapeTool"/></entry>
                <entry key="render"><bean class="org.apache.velocity.tools.generic.RenderTool" /></entry>
                <entry key="link"><bean class="org.apache.velocity.tools.generic.LinkTool" /></entry>
                <!--其他你觉得有用的 velocity tools-->
            </map>
        </property>
        <property name="order" value="0" />
    </bean>

    <bean id="jspViewResolver" class="org.springframework.web.servlet.view.InternalResourceViewResolver">
        <property name="viewClass" value="org.springframework.web.servlet.view.JstlView"/>
        <property name="prefix" value="/WEB-INF/jsp/"/>
        <property name="suffix" value=".jsp"/>
        <property name="order" value="1" />
    </bean>

    <!--初始 fis 配置-->
    <bean id="fisInit" class="com.baidu.fis.velocity.spring.FisBean" />

</beans>