<android xmlns:android="http://schemas.android.com/apk/res/android">
    <manifest>
        <!-- Allows the API to download data from Google Map servers -->
        <uses-permission android:name="android.permission.INTERNET"/>
        <!-- Allows the API to cache data -->
        <uses-permission android:name="android.permission.WRITE_EXTERNAL_STORAGE"/>
        <!-- Use GPS for device location -->
        <uses-permission android:name="android.permission.ACCESS_FINE_LOCATION"/>
        <!-- Use Wi-Fi or mobile connection for device location -->
        <uses-permission android:name="android.permission.ACCESS_COARSE_LOCATION"/>
        <!-- Allows the API to access Google web-based services -->
        <uses-permission android:name="com.google.android.providers.gsf.permission.READ_GSERVICES"/>
        <!-- Specify OpenGL ES 2.0 as a requirement -->
        <uses-feature android:glEsVersion="0x00020000" android:required="true"/>
        <uses-permission android:name="<%= appId %>.permission.MAPS_RECEIVE"/>
        <permission android:name="<%= appId %>.permission.MAPS_RECEIVE" android:protectionLevel="signature"/>
        <application>
            <meta-data android:name="com.google.android.maps.v2.API_KEY" android:value="<%= googleApiKey %>"/>
        </application>
    </manifest>
</android>