[{"id":65438769,"name":"Untitled","url":"images/65438769.jpg","attribution":"goes sena","thumb":"http://ppcdn.500px.org/65438769/47bee1104d6ebcd2b85cca60b9dbf054aa7a8e01/2.jpg","href":"http://500px.com/photo/65438769"},{"id":65408685,"name":"Herastrau Lake","url":"images/65408685.jpg","attribution":"Stefanescu Cristian","thumb":"http://ppcdn.500px.org/65408685/b9ff117130ba84a5eb4d557b353fb156fe8640f6/2.jpg","href":"http://500px.com/photo/65408685"},{"id":65435387,"name":"Sunset at Hamburg Harbor","url":"images/65435387.jpg","attribution":"Oliver Bock","thumb":"http://ppcdn.500px.org/65435387/8deb478883ed26d0a458f9a451187d8cec59c890/2.jpg","href":"http://500px.com/photo/65435387"},{"id":65439701,"name":"Untitled #2","url":"images/65439701.jpg","attribution":"Nicolas DECOOPMAN","thumb":"http://ppcdn.500px.org/65439701/1dfcc5a0946d94ade40c7f31715e73e416e934fb/2.jpg","href":"http://500px.com/photo/65439701"},{"id":65131509,"name":"*","url":"images/65131509.jpg","attribution":" Evgeny Kuznetsov","thumb":"http://ppcdn.500px.org/65131509/3cd4bf95b8f02010d659de1242889183f79a50ed/2.jpg","href":"http://500px.com/photo/65131509"},{"id":65380541,"name":"Festival of Colors","url":"images/65380541.jpg","attribution":"angeldemirev","thumb":"http://ppcdn.500px.org/65380541/0c719094a3e20a675de3eb2e5f99775bf548da76/2.jpg","href":"http://500px.com/photo/65380541"},{"id":65394327,"name":"Deserted Akihabara","url":"images/65394327.jpg","attribution":"Guillaume Buret","thumb":"http://ppcdn.500px.org/65394327/b503b7f365c4cb6c17bc10fa2e7698f4330bcfb3/2.jpg","href":"http://500px.com/photo/65394327"},{"id":65344435,"name":"Alfa 4C","url":"images/65344435.jpg","attribution":"Mikołaj Wośko","thumb":"http://ppcdn.500px.org/65344435/5dd650b237f65241b00c0602e0a6cf8dc32f3152/2.jpg","href":"http://500px.com/photo/65344435"},{"id":65379385,"name":"Spring in the willow","url":"images/65379385.jpg","attribution":"OliBac","thumb":"http://ppcdn.500px.org/65379385/aaf1e64efae60942c39a3e35b2996108f154e69b/2.jpg","href":"http://500px.com/photo/65379385"},{"id":65353233,"name":"Green","url":"images/65353233.jpg","attribution":"Eko Priyanto Lo","thumb":"http://ppcdn.500px.org/65353233/c217369d0d4532409ce38bbfe6e7418715bb4aac/2.jpg","href":"http://500px.com/photo/65353233"},{"id":65452173,"name":"W®W2 - SPECTATOR","url":"images/65452173.jpg","attribution":"Alessandro Galantucci","thumb":"http://ppcdn.500px.org/65452173/6cbd829b1571f4b1a0f8d9a71d620b0d3da93feb/2.jpg","href":"http://500px.com/photo/65452173"},{"id":65454199,"name":"Floor and Shadow","url":"images/65454199.jpg","attribution":"Marco Dias","thumb":"http://ppcdn.500px.org/65454199/2a04f55d4494d1360dcd5551a220a8a6980e8f05/2.jpg","href":"http://500px.com/photo/65454199"},{"id":65191659,"name":"reading in white","url":"images/65191659.jpg","attribution":"Magdalena Roeseler","thumb":"http://ppcdn.500px.org/65191659/57a3977a50abd5c187696d710058f76ac9c23ce0/2.jpg","href":"http://500px.com/photo/65191659"},{"id":65252475,"name":"Mengening","url":"images/65252475.jpg","attribution":"goes sena","thumb":"http://ppcdn.500px.org/65252475/5082a00bd3a911e5fd674f06f90ad7656847afec/2.jpg","href":"http://500px.com/photo/65252475"},{"id":65309527,"name":"Mile Run Race","url":"images/65309527.jpg","attribution":"Tim Barnhart","thumb":"http://ppcdn.500px.org/65309527/452a6611b088c4c9982fba3633c3953fe0db890d/2.jpg","href":"http://500px.com/photo/65309527"},{"id":65356729,"name":"Flower the glow worm","url":"images/65356729.jpg","attribution":"Aleksander Moisiuk","thumb":"http://ppcdn.500px.org/65356729/8bb891d75ddffd8679ffc40e5398eb4993035c4e/2.jpg","href":"http://500px.com/photo/65356729"},{"id":65310323,"name":"Yellow","url":"images/65310323.jpg","attribution":"Qasim Al-eid","thumb":"http://ppcdn.500px.org/65310323/e3345b3db29be3ce88439b3efa6e0543821f0f0c/2.jpg","href":"http://500px.com/photo/65310323"},{"id":65073513,"name":"Sad Gordo","url":"images/65073513.jpg","attribution":"Gerardo Mtyor","thumb":"http://ppcdn.500px.org/65073513/e5fcc02592994e9813d13bd5f07ebdc85c3bd59e/2.jpg","href":"http://500px.com/photo/65073513"},{"id":65090807,"name":"The journey is the reward","url":"images/65090807.jpg","attribution":"Magdalena Roeseler","thumb":"http://ppcdn.500px.org/65090807/ed1cfd874fb203dc3de8e50bb7e36a42da03114e/2.jpg","href":"http://500px.com/photo/65090807"},{"id":65380549,"name":"Festival of Colors","url":"images/65380549.jpg","attribution":"angeldemirev","thumb":"http://ppcdn.500px.org/65380549/4fe0514bee86290249b8b0fa99b2ba39e2b64e5e/2.jpg","href":"http://500px.com/photo/65380549"},{"id":65212927,"name":"Looking at the Heavens, Sagrada Familia, Barcelona, Spain","url":"images/65212927.jpg","attribution":"Martin Bureau","thumb":"http://ppcdn.500px.org/65212927/746c443fa2aeb40318004e3244dbfcb84fa1b88f/2.jpg","href":"http://500px.com/photo/65212927"},{"id":65295239,"name":"Old pier, calm water","url":"images/65295239.jpg","attribution":"Emi Delli Zuani","thumb":"http://ppcdn.500px.org/65295239/424631893834555364d978d0096ccfb6df60f394/2.jpg","href":"http://500px.com/photo/65295239"},{"id":65443239,"name":"20140330_TE4photo.com_Ronneburg_029","url":"images/65443239.jpg","attribution":"Thorsten Erker","thumb":"http://ppcdn.500px.org/65443239/e47b46047c64735916a33a425baa9575fc11b566/2.jpg","href":"http://500px.com/photo/65443239"},{"id":65279041,"name":"wilson square","url":"images/65279041.jpg","attribution":"Magdalena Roeseler","thumb":"http://ppcdn.500px.org/65279041/ba971c19fd18a73f29b0a71c91c2f026ab687a69/2.jpg","href":"http://500px.com/photo/65279041"},{"id":65067619,"name":"W®W","url":"images/65067619.jpg","attribution":"Alessandro Galantucci","thumb":"http://ppcdn.500px.org/65067619/4e1aba31d6ab257ed320f1d385d200aa7eba4d2a/2.jpg","href":"http://500px.com/photo/65067619"},{"id":65441453,"name":"Hüttlingen-Mettendorf.","url":"images/65441453.jpg","attribution":"Sascha Erni","thumb":"http://ppcdn.500px.org/65441453/f4072b7bc61b9f7e7346fd37e7d2dd9475b09cf8/2.jpg","href":"http://500px.com/photo/65441453"},{"id":65335239,"name":"Patch Selection","url":"images/65335239.jpg","attribution":"Qasim Al-eid","thumb":"http://ppcdn.500px.org/65335239/c10649d28bf5ddc186c9892943e98d27df3c7f5a/2.jpg","href":"http://500px.com/photo/65335239"},{"id":32872321,"name":"ムラサキサギゴケ","url":"images/32872321.jpg","attribution":"Kazuhiro Tsugita","thumb":"http://ppcdn.500px.org/32872321/eeaf25fba9c5b651a2d1c5a986e2d517084ba639/2.jpg","href":"http://500px.com/photo/32872321"},{"id":28155975,"name":"Fishing","url":"images/28155975.jpg","attribution":"John Nathaniel Calvara","thumb":"http://ppcdn.500px.org/28155975/318b8c89f3a969d1d8205135a88445e912d43b9c/2.jpg","href":"http://500px.com/photo/28155975"},{"id":65156401,"name":"Steel Bridge","url":"images/65156401.jpg","attribution":"nsm photography","thumb":"http://ppcdn.500px.org/65156401/382ebd1a2551ee836d957b2e34881f6285d0d6ac/2.jpg","href":"http://500px.com/photo/65156401"},{"id":64843515,"name":"Nothing special, but in my everyday ordinary","url":"images/64843515.jpg","attribution":"사월 아","thumb":"http://ppcdn.500px.org/64843515/75da58508e780845b99b0dc6a2740075e78d4915/2.jpg","href":"http://500px.com/photo/64843515"},{"id":65264581,"name":"The Tree","url":"images/65264581.jpg","attribution":"Any Sunday","thumb":"http://ppcdn.500px.org/65264581/99e0810d1ee126c65e70618c26a4fa396b8f60a4/2.jpg","href":"http://500px.com/photo/65264581"},{"id":60964708,"name":"***","url":"images/60964708.jpg","attribution":"Ranit sanyal","thumb":"http://ppcdn.500px.org/60964708/bcb73514aa1e0ec89bfe742a08bdc83db4508f40/2.jpg","href":"http://500px.com/photo/60964708"},{"id":60970626,"name":"St Pauls Ballysax","url":"images/60970626.jpg","attribution":"Kevin Corley","thumb":"http://ppcdn.500px.org/60970626/42293673e924b855ea11afcccc9efa6442261e2e/2.jpg","href":"http://500px.com/photo/60970626"},{"id":65158073,"name":"BUTTERFLY","url":"images/65158073.jpg","attribution":"Sandro ","thumb":"http://ppcdn.500px.org/65158073/b7f56654c9da0b636b8874deca300603f2163614/2.jpg","href":"http://500px.com/photo/65158073"},{"id":65170623,"name":"Sunset in Warnemünde","url":"images/65170623.jpg","attribution":"Kathrin Merker","thumb":"http://ppcdn.500px.org/65170623/f482ecfd3a7f5c3316b3764113a4be07c8dc21f6/2.jpg","href":"http://500px.com/photo/65170623"},{"id":29386679,"name":"Little Egret: Forsythe NWR - New Jersey","url":"images/29386679.jpg","attribution":"Charles \"Skip\" Martin","thumb":"http://ppcdn.500px.org/29386679/0b0df193b8fc4655fe0fe2144e5c9eeda9b82182/2.jpg","href":"http://500px.com/photo/29386679"},{"id":64765319,"name":"jog the dog","url":"images/64765319.jpg","attribution":"Magdalena Roeseler","thumb":"http://ppcdn.500px.org/64765319/e7f2ba24ce2ae5d58948b7091217c317118527a3/2.jpg","href":"http://500px.com/photo/64765319"},{"id":65139889,"name":"Don't let the sun go down on me","url":"images/65139889.jpg","attribution":"Oliver Bock","thumb":"http://ppcdn.500px.org/65139889/0163119a6defc6e156cd55d7d4bc5b962980fdcb/2.jpg","href":"http://500px.com/photo/65139889"},{"id":33603729,"name":"Untitled","url":"images/33603729.jpg","attribution":"jinguo ren","thumb":"http://ppcdn.500px.org/33603729/a98af1898288e43d3bb6ff111c08963bb3999e78/2.jpg","href":"http://500px.com/photo/33603729"},{"id":65144887,"name":"The Shoe Seller","url":"images/65144887.jpg","attribution":"Tamal Mitra","thumb":"http://ppcdn.500px.org/65144887/037f7e53a1504d90ce42b4420fd7aced4564cd88/2.jpg","href":"http://500px.com/photo/65144887"},{"id":65231965,"name":"Conversation","url":"images/65231965.jpg","attribution":"Nicolas DECOOPMAN","thumb":"http://ppcdn.500px.org/65231965/c20fb2282a4bc321b053c204fbd4993288d3d4c4/2.jpg","href":"http://500px.com/photo/65231965"},{"id":65334383,"name":"Bird","url":"images/65334383.jpg","attribution":"Qasim Al-eid","thumb":"http://ppcdn.500px.org/65334383/9a1b12dd9f7b2191b39bd4773459b209925436b8/2.jpg","href":"http://500px.com/photo/65334383"},{"id":65229417,"name":"fofy","url":"images/65229417.jpg","attribution":"Mario Mancuso","thumb":"http://ppcdn.500px.org/65229417/2656ea51a7ac3fc9f143af5d5b6677a255277453/2.jpg","href":"http://500px.com/photo/65229417"},{"id":64856363,"name":"little big kiss to mom!!!!!!","url":"images/64856363.jpg","attribution":"ivi franco photo art","thumb":"http://ppcdn.500px.org/64856363/5d74879e06bd6f57558107e609ab6641b7cbb2aa/2.jpg","href":"http://500px.com/photo/64856363"},{"id":65257641,"name":"daisy","url":"images/65257641.jpg","attribution":"OliBac","thumb":"http://ppcdn.500px.org/65257641/e956599b7bdf00a5c25f1f9459abfbec03340fde/2.jpg","href":"http://500px.com/photo/65257641"},{"id":29339717,"name":"Wake-Up Moon ! ","url":"images/29339717.jpg","attribution":"Mathieu Dupouy","thumb":"http://ppcdn.500px.org/29339717/73a8d2986946555e7ab330459056499f541746ac/2.jpg","href":"http://500px.com/photo/29339717"},{"id":27794187,"name":"ユキヤナギ","url":"images/27794187.jpg","attribution":"Kazuhiro Tsugita","thumb":"http://ppcdn.500px.org/27794187/1a3e307567ad7eb2a8e051fe535fa8b1a160432e/2.jpg","href":"http://500px.com/photo/27794187"},{"id":64947023,"name":"Back Home","url":"images/64947023.jpg","attribution":"Nicolas DECOOPMAN","thumb":"http://ppcdn.500px.org/64947023/b031b3c9fe7efa9d0b7b00ff61610164301c2090/2.jpg","href":"http://500px.com/photo/64947023"},{"id":65243629,"name":"sakura","url":"images/65243629.jpg","attribution":"Kaori Hozumi","thumb":"http://ppcdn.500px.org/65243629/41c16cd2c83f4f8b229dde5439b8a8d9ea8315ce/2.jpg","href":"http://500px.com/photo/65243629"},{"id":27305709,"name":"キュウリグサ","url":"images/27305709.jpg","attribution":"Kazuhiro Tsugita","thumb":"http://ppcdn.500px.org/27305709/87884657c21bb79a53c034c262297c1a64f4f0f5/2.jpg","href":"http://500px.com/photo/27305709"},{"id":23018877,"name":"Concentracion","url":"images/23018877.jpg","attribution":"Maria José Perras Barnada","thumb":"http://ppcdn.500px.org/23018877/e7a952f732149a029b41dce74f863c04fb8b3524/2.jpg","href":"http://500px.com/photo/23018877"},{"id":64759953,"name":"Storm","url":"images/64759953.jpg","attribution":"Etrick ","thumb":"http://ppcdn.500px.org/64759953/43af9b784b4c676d4fad4e33119f9e95349a9ce1/2.jpg","href":"http://500px.com/photo/64759953"},{"id":60569462,"name":"A little angel","url":"images/60569462.jpg","attribution":"Jax Douner","thumb":"http://ppcdn.500px.org/60569462/d2445dd722581f2fdf7e82bd7ecbb1d4f6dd3b52/2.jpg","href":"http://500px.com/photo/60569462"},{"id":65171835,"name":"Kumpa  in the morning","url":"images/65171835.jpg","attribution":"The Doggie Nanny","thumb":"http://ppcdn.500px.org/65171835/4563a6d107c3b468994d6f7c21abab310d5568f8/2.jpg","href":"http://500px.com/photo/65171835"},{"id":64786603,"name":"GoldenGateBridge","url":"images/64786603.jpg","attribution":"Frank Röttgers","thumb":"http://ppcdn.500px.org/64786603/315bec5add7506476bdcd24a6f26d1350a76cee5/2.jpg","href":"http://500px.com/photo/64786603"},{"id":65100001,"name":"path","url":"images/65100001.jpg","attribution":"Maksim Kapranoff","thumb":"http://ppcdn.500px.org/65100001/e4c61b8460da7f1986045c0d94cb23a4676a518f/2.jpg","href":"http://500px.com/photo/65100001"},{"id":65044417,"name":"Junction","url":"images/65044417.jpg","attribution":"Nicolas DECOOPMAN","thumb":"http://ppcdn.500px.org/65044417/10c7a7a4a8b8710283e9608bed9d33d878aadc52/2.jpg","href":"http://500px.com/photo/65044417"},{"id":64752859,"name":"Still life with peonies","url":"images/64752859.jpg","attribution":"Alina Lankina","thumb":"http://ppcdn.500px.org/64752859/c8243c98616df7771aaec92645537f44e9a82389/2.jpg","href":"http://500px.com/photo/64752859"},{"id":65420791,"name":"Panoramica de embarcadero en Xochimilco","url":"images/65420791.jpg","attribution":"James Castillo Espinosa","thumb":"http://ppcdn.500px.org/65420791/c720bbe455f1caacd2e28ac27210c6aa6829d865/2.jpg","href":"http://500px.com/photo/65420791"},{"id":65220859,"name":"Leafy Bed","url":"images/65220859.jpg","attribution":"Holt Johnson","thumb":"http://ppcdn.500px.org/65220859/435c9a19afc3b3cdd328e185eb263074c1abe87c/2.jpg","href":"http://500px.com/photo/65220859"},{"id":29052013,"name":"Smoking mountain","url":"images/29052013.jpg","attribution":"Nuno Fernandes","thumb":"http://ppcdn.500px.org/29052013/0558178b34e897cd7e30560d4b774978745a600e/2.jpg","href":"http://500px.com/photo/29052013"},{"id":60940138,"name":"The House Down the Hollow","url":"images/60940138.jpg","attribution":"Donnie Nunley","thumb":"http://ppcdn.500px.org/60940138/a8c6c06fa3d749cbddd11d54acacca3ebb56612e/2.jpg","href":"http://500px.com/photo/60940138"},{"id":65131385,"name":"Panoramastrasse","url":"images/65131385.jpg","attribution":"beatd","thumb":"http://ppcdn.500px.org/65131385/fc71238bfdceaf2ec43ce14b3cd155b46d897b6e/2.jpg","href":"http://500px.com/photo/65131385"},{"id":65194379,"name":"Margarita","url":"images/65194379.jpg","attribution":"sergio donet","thumb":"http://ppcdn.500px.org/65194379/78da3714e60dce56b27b2cacb5f8e609145f72c7/2.jpg","href":"http://500px.com/photo/65194379"},{"id":65254305,"name":"Sunset","url":"images/65254305.jpg","attribution":"Ruben Filipe","thumb":"http://ppcdn.500px.org/65254305/da62dd1acba8ec2390c2212ca1412ab3fc764a3d/2.jpg","href":"http://500px.com/photo/65254305"},{"id":65210163,"name":"Lovers","url":"images/65210163.jpg","attribution":"Photo KWest","thumb":"http://ppcdn.500px.org/65210163/12525435125957393193be103215fae8a236b2b6/2.jpg","href":"http://500px.com/photo/65210163"},{"id":64953085,"name":"A Beautiful","url":"images/64953085.jpg","attribution":"Tamal Mitra","thumb":"http://ppcdn.500px.org/64953085/2f91199d0f74b2b3eb99496746c943e089302627/2.jpg","href":"http://500px.com/photo/64953085"},{"id":65140003,"name":"8 march","url":"images/65140003.jpg","attribution":"Mario Mancuso","thumb":"http://ppcdn.500px.org/65140003/f38135ff56f890427d12817160190f3fc0fbef2b/2.jpg","href":"http://500px.com/photo/65140003"},{"id":62562717,"name":"SNAKEPIT","url":"images/62562717.jpg","attribution":"Jesús Ignacio Bravo Soler","thumb":"http://ppcdn.500px.org/62562717/4f7f86b4318e456d636287b8d4f583d320251191/2.jpg","href":"http://500px.com/photo/62562717"},{"id":63768841,"name":"Riyadh sky","url":"images/63768841.jpg","attribution":"Ahmed Hader","thumb":"http://ppcdn.500px.org/63768841/73e37964151ea8cdd4927cdab10013835afba662/2.jpg","href":"http://500px.com/photo/63768841"},{"id":32595073,"name":"Twilight","url":"images/32595073.jpg","attribution":"Nat Ditsathan","thumb":"http://ppcdn.500px.org/32595073/da747b50190b372eb5ae05e4c1c46b17170aace0/2.jpg","href":"http://500px.com/photo/32595073"},{"id":27870021,"name":"Hibiscus","url":"images/27870021.jpg","attribution":"Kok Hooi Au","thumb":"http://ppcdn.500px.org/27870021/f8c9f7a2bf1807b937fe1c502fb6a0626a92a986/2.jpg","href":"http://500px.com/photo/27870021"},{"id":27464791,"name":"Untitled","url":"images/27464791.jpg","attribution":"renaud debray","thumb":"http://ppcdn.500px.org/27464791/995ef65340ecb3a666a1dfd3516949dfd9360787/2.jpg","href":"http://500px.com/photo/27464791"},{"id":65228821,"name":"paris by night","url":"images/65228821.jpg","attribution":"Johann Ravera","thumb":"http://ppcdn.500px.org/65228821/3fa0995640a8bd5e9d574fa4950480156652975b/2.jpg","href":"http://500px.com/photo/65228821"},{"id":65070033,"name":"Passing Through","url":"images/65070033.jpg","attribution":"Sizar Adam","thumb":"http://ppcdn.500px.org/65070033/49704a88197667d51416b8cdad53a463a25980c2/2.jpg","href":"http://500px.com/photo/65070033"},{"id":64902381,"name":"wipe the sky","url":"images/64902381.jpg","attribution":"Magdalena Roeseler","thumb":"http://ppcdn.500px.org/64902381/a1cc8c28940edb20217d04f765c65afd4f030bdb/2.jpg","href":"http://500px.com/photo/64902381"},{"id":63177553,"name":"THE BLACK FEATHER","url":"images/63177553.jpg","attribution":"Chuck Evanish","thumb":"http://ppcdn.500px.org/63177553/58bc86432c41a878ff7f80d4f9424014218c5e64/2.jpg","href":"http://500px.com/photo/63177553"},{"id":65235119,"name":"White wine","url":"images/65235119.jpg","attribution":"Alexandre Roschewitz","thumb":"http://ppcdn.500px.org/65235119/cdf8e490404ee52d3ab9c5c4be2f72fd9284291a/2.jpg","href":"http://500px.com/photo/65235119"},{"id":19772527,"name":"Powerful","url":"images/19772527.jpg","attribution":"Ahmad Ghonaim","thumb":"http://ppcdn.500px.org/19772527/152f8191e57cb98e731e49c1e20922a6b25d2b23/2.jpg","href":"http://500px.com/photo/19772527"},{"id":65155627,"name":"Joshua Reid","url":"images/65155627.jpg","attribution":"Jeremy Meier","thumb":"http://ppcdn.500px.org/65155627/24b65fd8d24d6039154f4a97e0094bff8a879913/2.jpg","href":"http://500px.com/photo/65155627"},{"id":23534627,"name":"タネツケバナ","url":"images/23534627.jpg","attribution":"Kazuhiro Tsugita","thumb":"http://ppcdn.500px.org/23534627/e2bdd33715a4619380588e21bd6f9c333c3570c3/2.jpg","href":"http://500px.com/photo/23534627"},{"id":63246701,"name":"THE PLANET","url":"images/63246701.jpg","attribution":"NELLA BERNARDI","thumb":"http://ppcdn.500px.org/63246701/cd5e5c384a4444376a190aae3d28cca503b5b453/2.jpg","href":"http://500px.com/photo/63246701"},{"id":28057549,"name":"Divina luz","url":"images/28057549.jpg","attribution":"Carlos ","thumb":"http://ppcdn.500px.org/28057549/28c1b6af8178affbbc91c33f8858a66cb563d3aa/2.jpg","href":"http://500px.com/photo/28057549"},{"id":64743063,"name":"IBA","url":"images/64743063.jpg","attribution":"Mario Mancuso","thumb":"http://ppcdn.500px.org/64743063/e44ce5b19e12ff3e4d95ca70d7903590225afaa1/2.jpg","href":"http://500px.com/photo/64743063"},{"id":64950105,"name":"travel shadow","url":"images/64950105.jpg","attribution":"Mario Mancuso","thumb":"http://ppcdn.500px.org/64950105/50468ce2a51ceddf90a01db03dbe03904c9fa3ee/2.jpg","href":"http://500px.com/photo/64950105"},{"id":65282347,"name":"Waldgeist","url":"images/65282347.jpg","attribution":"Pepe Kirchhoff","thumb":"http://ppcdn.500px.org/65282347/63c78a0bcbdf8288772b3426bdd8253989afdc70/2.jpg","href":"http://500px.com/photo/65282347"},{"id":60449430,"name":"winter's tale","url":"images/60449430.jpg","attribution":"7 7","thumb":"http://ppcdn.500px.org/60449430/9e38edaabab223d14a06f4515b95cfae7d90521a/2.jpg","href":"http://500px.com/photo/60449430"},{"id":30343877,"name":"Suivie de Lumière","url":"images/30343877.jpg","attribution":"Mathieu Dupouy","thumb":"http://ppcdn.500px.org/30343877/db8fbe6de6f3a15f895d891ddcc9aa4e3d485069/2.jpg","href":"http://500px.com/photo/30343877"},{"id":64749691,"name":"First day of spring","url":"images/64749691.jpg","attribution":"Bzhar Omer","thumb":"http://ppcdn.500px.org/64749691/0b1c99ee0b30692ef455849f4bbf69eac787688a/2.jpg","href":"http://500px.com/photo/64749691"},{"id":64948093,"name":"All for one.. and one for all!","url":"images/64948093.jpg","attribution":"Sherazade Curfew Ali","thumb":"http://ppcdn.500px.org/64948093/b5fdb95704c6554abebfc02de36678791c23caf5/2.jpg","href":"http://500px.com/photo/64948093"},{"id":60362300,"name":"Sur le chemin de la Fontaine Salée","url":"images/60362300.jpg","attribution":"Gregory Klein","thumb":"http://ppcdn.500px.org/60362300/bb8c9f61c03c4cbc49f08defd88c46b3c12c02d7/2.jpg","href":"http://500px.com/photo/60362300"},{"id":60506900,"name":"Cloud Maker","url":"images/60506900.jpg","attribution":"Ken Day","thumb":"http://ppcdn.500px.org/60506900/1d06f00bcef83d0857a451c1da30de341ac2486c/2.jpg","href":"http://500px.com/photo/60506900"},{"id":65163341,"name":"Sunset on Maine","url":"images/65163341.jpg","attribution":"Ling Mao","thumb":"http://ppcdn.500px.org/65163341/e6af33174bba526b3ed4c183318c92ba0500666f/2.jpg","href":"http://500px.com/photo/65163341"},{"id":29383761,"name":"Canyonlands Vista - Utah","url":"images/29383761.jpg","attribution":"Charles \"Skip\" Martin","thumb":"http://ppcdn.500px.org/29383761/168a5f8798ae4b359ee17103c47bf0338ebb7f35/2.jpg","href":"http://500px.com/photo/29383761"},{"id":27733227,"name":"Untitled","url":"images/27733227.jpg","attribution":"jean vaneli","thumb":"http://ppcdn.500px.org/27733227/bac29be0ff6856915ce1d26c4b1cb8c410118a66/2.jpg","href":"http://500px.com/photo/27733227"},{"id":28065157,"name":"Untitled","url":"images/28065157.jpg","attribution":"乾貴 傅","thumb":"http://ppcdn.500px.org/28065157/3aab8009fab0d662b5e5ecb7731084457d43f060/2.jpg","href":"http://500px.com/photo/28065157"},{"id":64413205,"name":"Brugge","url":"images/64413205.jpg","attribution":"Gianluca C.","thumb":"http://ppcdn.500px.org/64413205/e6438c09b696e32a89adf955148672449879807f/2.jpg","href":"http://500px.com/photo/64413205"},{"id":65160167,"name":"Quintana di Foligno 2012","url":"images/65160167.jpg","attribution":"Sandro ","thumb":"http://ppcdn.500px.org/65160167/c83aaf03bc05fb0be8bce72322369b45a91b0104/2.jpg","href":"http://500px.com/photo/65160167"},{"id":24391757,"name":"Snowscape","url":"images/24391757.jpg","attribution":"HanRiver Jang","thumb":"http://ppcdn.500px.org/24391757/89d42d32e606fc842433b83254c00b78480e827e/2.jpg","href":"http://500px.com/photo/24391757"}]
