{
	"layers": {
		"background": {
			"constructor": "lychee.game.Layer",
			"arguments": [{}],
			"blob": {
				"entities": [{
					"constructor": "lychee.game.Background",
					"arguments": [{
						"color": "#3f7cb6"
					}]
				}],
				"map": {
					"background": 0
				}
			}
		},
		"ui": {
			"constructor": "lychee.ui.Layer",
			"arguments": [{}],
			"blob": {
				"entities": [{
					"constructor": "game.ui.Layer",
					"arguments": [{
						"label": "Game State",
						"position": {
							"x": 0,
							"y": 0
						}
					}],
					"blob": {
						"entities": [{
							"constructor": "game.ui.Button",
							"arguments": [{
								"state": "back",
								"position": {
									"x": -192,
									"y": -96
								}
							}]
						}, {
							"constructor": "lychee.ui.Label",
							"arguments": [{
								"label": "Roundtrip: -- / -- ms",
								"position": {
									"x": 0,
									"y": -16
								}
							}]
						}, {
							"constructor": "lychee.ui.Label",
							"arguments": [{
								"label": "Touch the Circle!",
								"position": {
									"x": 0,
									"y": 48
								}
							}]
						}],
						"map": {
							"back": 0,
							"statistics": 1,
							"message": 2
						}
					}
				}, {
					"constructor": "game.entity.Circle",
					"arguments": [{
						"position": {
							"x": 0,
							"y": 128
						}
					}, "#MAIN" ]
				}],
				"map": {
					"help":   0,
					"circle": 1
				}
			}
		}
	}
}
