{
	"layers": {
		"background": {
			"constructor": "lychee.game.Layer",
			"arguments": [{}],
			"blob": {
				"entities": [{
					"constructor": "lychee.game.Background",
					"arguments": [{
						"color": "#3f7cb6"
					}]
				}, {
					"constructor": "game.entity.Emblem",
					"arguments": [{}]
				}],
				"map": {
					"background": 0,
					"emblem":     1
				}
			}
		},
		"ui": {
			"constructor": "lychee.ui.Layer",
			"arguments": [{}],
			"blob": {
				"entities": [{
					"constructor": "game.ui.Layer",
					"arguments": [{
						"label": "Boilerplate"
					}],
					"blob": {
						"entities": [{
							"constructor": "game.ui.Button",
							"arguments": [{
								"label": "New Game",
								"position": {
									"x": 0,
									"y": -16
								}
							}]
						}, {
							"constructor": "game.ui.Button",
							"arguments": [{
								"label": "High Scores",
								"position": {
									"x": 0,
									"y": 80
								}
							}]
						}, {
							"constructor": "game.ui.Button",
							"arguments": [{
								"label": "Settings",
								"position": {
									"x": 0,
									"y": 176
								}
							}]
						}],
						"map": {
							"newgame": 0,
							"highscores": 1,
							"settings": 2
						}
					}
				}, {
					"constructor": "game.ui.Layer",
					"arguments": [{
						"label": "Settings"
					}],
					"blob": {
						"entities": [{
							"constructor": "game.ui.Button",
							"arguments": [{
								"state": "back",
								"position": {
									"x": -192,
									"y": -96
								}
							}]
						}, {
							"constructor": "game.ui.Button",
							"arguments": [{
								"label": "Fullscreen Off",
								"state": "default",
								"position": {
									"x": 0,
									"y": -16
								}
							}]
						}, {
							"constructor": "game.ui.Button",
							"arguments": [{
								"label": "Sound On",
								"state": "active",
								"position": {
									"x": 0,
									"y": 80
								}
							}]
						}, {
							"constructor": "game.ui.Button",
							"arguments": [{
								"label": "Debug On",
								"state": "active",
								"position": {
									"x": 0,
									"y": 176
								}
							}]
						}],
						"map": {
							"back": 0,
							"fullscreen": 1,
							"sound": 2,
							"debug": 3
						}
					}
				}, {
					"constructor": "game.ui.Layer",
					"arguments": [{
						"label": "High Scores"
					}],
					"blob": {
						"entities": [{
							"constructor": "game.ui.Button",
							"arguments": [{
								"state": "back",
								"position": {
									"x": -192,
									"y": -96
								}
							}]
						}, {
							"constructor": "game.ui.Button",
							"arguments": [{
								"label": "Create Score",
								"position": {
									"x": 0,
									"y": -32
								}
							}]
						}, {
							"constructor": "game.ui.Highscores",
							"arguments": [{
								"width": 416,
								"height": 192,
								"position": {
									"x": 0,
									"y": 112
								}
							}, "#MAIN" ]
						}],
						"map": {
							"back": 0,
							"button": 1,
							"layer": 2
						}
					}
				}],
				"map": {
					"welcome": 0,
					"settings": 1,
					"highscores": 2
				}
			}
		}
	}
}
