{
  "name": "riot",
  "version": "2.2.4",
  "description": "A React- like, 3.5K user interface library",
  "repository": "muut/riotjs",
  "license": "MIT",
  "keywords": [
    "custom tags",
    "custom elements",
    "web components",
    "virtual dom",
    "shadow dom",
    "polymer",
    "react",
    "jsx",
    "minimal",
    "minimalist",
    "client-side",
    "framework",
    "declarative",
    "templating",
    "template",
    "data binding",
    "mvc",
    "router",
    "model",
    "view",
    "controller",
    "riotjs",
    "riot.js"
  ],
  "scripts": [
    "riot.js",
    "compiler.js",
    "riot+compiler.js"
  ],
  "main": "riot.js"
}
