{
    "uglify" : {
        "options" : {
            "mangle" : true,
            "compress" : { "drop_console": true },
            "sourceMap" : true,
            "preserveComments" : false,
            "banner" : "/**\n * BottleJS v<%= pkg.version %> - <%= grunt.template.today('yyyy-mm-dd') %>\n * <%= pkg.description %>\n *\n * Copyright (c) <%= grunt.template.today('yyyy') %> Stephen Young\n * Licensed <%= pkg.license %>\n */\n",
            "drop_console" : true
        },
        "dist" : {
            "files" : { "dist/bottle.min.js" : ["dist/bottle.js"] }
        }
    }
}
