<?xml version="1.0" ?>
<docs startdoc="UI" timestamp="2007-12-18T01:31:22Z"><cat value="UI/Draggables"><function cat="UI/Draggables" name="draggable" return="Dragset" timestamp="2007-12-06T23:31:13Z"><desc>Creates new draggables on the nodeset supplied by the query.</desc><longdesc>This jQuery plugin makes DOM nodes draggable by mouse. You can additionally supply a great range of options to make them fit your needs.</longdesc><params name="options" type="Options"><desc>A set of key/value pairs that configure the draggable. All options are optional.</desc></params><option name="appendTo" type="Selector"><desc>The string should be a jQuery selector. The matched element will be used as the helper's container. If not specified, the helper is appended to the same container as the draggable.</desc></option><option name="axis" type="String"><desc>Constrains dragging to either the horizontal (x) or vertical (y) axis. Cannot be used with cursorAt. Possible values: 'x', 'y'.</desc></option><option name="containment" type="Element, Selector"><desc>Constrains dragging to within the bounds of the specified element - can be a DOM element, 'parent', 'document' or a jQuery selector.</desc></option><option name="cursor" type="String"><desc>The css cursor for the helper during the drag operation.</desc></option><option name="cursorAt" type="{top, left, bottom, right}"><desc>Moves the dragging element/helper so the cursor always appears to drag from the same position.</desc></option><option name="dragPrevention" type="Array&lt;String&gt;"><desc>Prevents dragging if you start on elements of the specified type(s). Default: ['input', 'textarea', 'button', 'select', 'option'].</desc></option><option name="effect" type="[String, String]"><desc>The effects for the drag start and stop. Possible values [Start, Stop]: 'fade' (Start - fade in, Stop - fade out)</desc></option><option name="grid" type="[Integer x, Integer y]"><desc>Snaps the dragging element/helper to a grid, every x and y pixels. Cannot be used with cursorAt.</desc></option><option name="handle" type="Element, Selector"><desc>Restricts drag start click to the specified element. Default value: draggable element.</desc></option><option name="helper" type="Element function()"><desc>Allows for a helper element to be used for dragging display. The supplied function should return a valid DOM node to be used as a custom proxy helper.</desc></option><option name="helper" type="String"><desc>Allows for a helper element to be used for dragging display. The 'clone' option will produce the 'ghosting' effect. Possible values: 'original', 'clone', Function. Default value: 'original'.</desc></option><option name="opacity" type="Float"><desc>Opacity for element/helper while being dragged.</desc></option><option name="preventionDistance" type="Integer"><desc>Tolerance for when dragging should start. If specified, dragging will not start until after mouse is dragged beyond distance.</desc></option><option name="preventionTimeout" type="Integer"><desc>Time in milliseconds to define when the dragging should start. It helps preventing unwanted drags when clicking on an element. Default value: false</desc></option><option name="revert" type="Boolean"><desc>If true, the element will return to its start position when dragging stops.</desc></option><option name="scroll" type="Boolean"><desc>If true, container auto-scrolls while dragging. Default value: true.</desc></option><option name="scrollSensitivity" type="Integer"><desc>Default value: 20.</desc></option><option name="scrollSpeed" type="Integer"><desc>Default value: 20.</desc></option><option name="zIndex" type="Integer"><desc>z-index for element/helper while being dragged.</desc></option><option name="start" type="function(e, ui)"><desc>Function to call when dragging starts.</desc></option><option name="drag" type="function(e, ui)"><desc>Function to call when the mouse is moved during the dragging. ui.position.left and ui.position.top give the position.</desc></option><option name="stop" type="function(e, ui)"><desc>Function to call when dragging stops. ui.position.left and ui.position.top give the position.</desc></option><example><desc>Makes the div draggable.</desc><code>$(&quot;.block&quot;).draggable();</code><html>&lt;script src=&quot;http://dev.jquery.com/view/trunk/ui/current/ui.mouse.js&quot;&gt;&lt;/script&gt;

  &lt;script src=&quot;http://dev.jquery.com/view/trunk/ui/current/ui.draggable.js&quot;&gt;&lt;/script&gt;
  &lt;script src=&quot;http://dev.jquery.com/view/trunk/ui/current/ui.draggable.ext.js&quot;&gt;&lt;/script&gt;
&lt;div class=&quot;block&quot;&gt;&lt;/div&gt;
</html><css>.block { 
   border: 2px solid #0090DF;
   background-color: #68BFEF;
   width: 150px; 
   height: 70px;
   margin: 10px; 
}</css></example></function><function cat="UI/Draggables" name="draggableInstance" return="Instance" timestamp="2007-09-16T21:48:39Z"><desc>Returns the OO instance of the current draggable.</desc><longdesc>For the advanced, this function is very useful to modify internals of the draggables after initializing it. It returns a javascript function instance.</longdesc></function><function cat="UI/Draggables" name="draggableDestroy" return="jQuery" timestamp="2007-09-16T21:53:53Z"><desc>Destroys all draggable functionality in the current jQuery.</desc><longdesc>Destroys all draggable functionality in the current jQuery.</longdesc></function><function cat="UI/Draggables" name="draggableEnable" return="jQuery" timestamp="2007-09-16T22:02:56Z"><desc>Enables draggables.</desc><longdesc>Re-enables draggable functionality on the jQuery supplied that has been disabled before.</longdesc></function><function cat="UI/Draggables" name="draggableDisable" return="jQuery" timestamp="2007-09-16T22:00:36Z"><desc>Disables draggables.</desc><longdesc>Temporarily disables draggables on the current jQuery. Can be re-enabled again later on.</longdesc></function></cat><cat value="UI/Droppables"><function cat="UI/Droppables" name="droppable" return="Dropset" timestamp="2007-09-17T00:25:30Z"><desc>Creates new droppables on the nodeset supplied by the query.</desc><longdesc>This jQuery plugin makes DOM nodes droppable (meaning they accept being dropped on by draggables). You can specify which (individually) or which kind of draggables each will accept.</longdesc><params name="options" type="Options"><desc>A set of key/value pairs that configure the droppable. All options are optional.</desc></params><option name="accept" type="Boolean function(draggable)"><desc>This function is called for each draggable on the page, to provide a custom filter. Return true if draggable should be accepted.</desc></option><option name="accept" type="String"><desc>The string should be a jQuery selector. All draggables that match the selector will be accepted.</desc></option><option name="activeClass" type="String"><desc>The class that should be added to the droppable while an acceptable draggable is being dragged.</desc></option><option name="greedy" type="Boolean"><desc>If true, will prevent event propagation on nested droppables. Default value: false.</desc></option><option name="hoverClass" type="String"><desc>The class that should be added to the droppable while being hovered by an acceptable draggable.</desc></option><option name="tolerance" type="String"><desc>Specifies which mode to use for testing whether a draggable is 'over' a droppable. Possible values: 'fit', 'intersect', 'pointer', 'touch'. Default value: 'intersect'.</desc></option><option name="activate" type="function(e, ui)"><desc>This function is called any time an accepted draggable starts dragging.</desc></option><option name="deactivate" type="function(e, ui)"><desc>This function is called any time an accepted draggable stops dragging.</desc></option><option name="over" type="function(e, ui)"><desc>This function is called as an accepted draggable is dragged 'over' (within the tolerance of) this droppable.</desc></option><option name="out" type="function(e, ui)"><desc>This function is called when an accepted draggable is dragged out (within the tolerance of) this droppable.</desc></option><option name="drop" type="function(e, ui)"><desc>This function is called when an accepted draggable is dropped 'over' (within the tolerance of) this droppable.</desc></option><example><desc>Makes the div drag and droppable.</desc><code>$(&quot;.block&quot;).draggable({helper: 'clone'});
$(&quot;.drop&quot;).droppable({
	accept: &quot;.block&quot;,
	activeClass: 'droppable-active',
	hoverClass: 'droppable-hover',
	drop: function(ev, ui) {
		$(this).append(&quot;&lt;br&gt;Dropped!&quot;);
	}
});</code><html>&lt;script src=&quot;http://dev.jquery.com/view/trunk/plugins/ui/ui.mouse.js&quot;&gt;&lt;/script&gt;

&lt;script src=&quot;http://dev.jquery.com/view/trunk/plugins/ui/ui.draggable.js&quot;&gt;&lt;/script&gt;
&lt;script src=&quot;http://dev.jquery.com/view/trunk/plugins/ui/ui.draggable.ext.js&quot;&gt;&lt;/script&gt;
&lt;script src=&quot;http://dev.jquery.com/view/trunk/plugins/ui/ui.droppable.js&quot;&gt;&lt;/script&gt;
&lt;script src=&quot;http://dev.jquery.com/view/trunk/plugins/ui/ui.droppable.ext.js&quot;&gt;&lt;/script&gt;
&lt;div class=&quot;block&quot;&gt;drag me!&lt;/div&gt;

&lt;div class=&quot;drop&quot;&gt;drop on me!&lt;/div&gt;
</html><css>.block { 
   position: absolute;
   top: 5px;
   left: 5px;
   border: 2px solid #0090DF;
   background-color: #68BFEF;
   width: 75px; 
   height: 75px;
   margin: 10px;
   z-index: 100;
}
.drop { 
	background-color: #e9b96e;
	border: 3px double #c17d11;
   width: 150px; 
   height: 70px;
   margin: 10px; 
  position: absolute;
  top: 5px;
  right: 5px;
  opacity: 0.7;
}
.droppable-active {
	opacity: 1.0;
}
.droppable-hover {
	outline: 1px dotted black;
}</css></example></function><function cat="UI/Droppables" name="droppableInstance" return="Instance" timestamp="2007-09-16T22:07:24Z"><desc>Returns the OO instance of the current droppable.</desc><longdesc>For the advanced, this function is very useful to modify internals of the droppables after initializing it. It returns a javascript function instance.</longdesc></function><function cat="UI/Droppables" name="droppableDestroy" return="jQuery" timestamp="2007-09-16T22:12:57Z"><desc>Destroys all droppable functionality in the current jQuery.</desc><longdesc>Destroys all droppable functionality in the current jQuery.</longdesc></function><function cat="UI/Droppables" name="droppableEnable" return="jQuery" timestamp="2007-09-16T22:10:54Z"><desc>Enables droppables.</desc><longdesc>Re-enables droppable functionality on the jQuery supplied that has been disabled before.</longdesc></function><function cat="UI/Droppables" name="droppableDisable" return="jQuery" timestamp="2007-09-16T22:14:29Z"><desc>Disables droppables.</desc><longdesc>Temporarily disables droppables on the current jQuery. Can be re-enabled again later on.</longdesc></function></cat><cat value="UI/Sortables"><function cat="UI/Sortables" name="sortable" return="" timestamp="2007-09-18T17:12:57Z"><desc>Creates new sortable on the nodeset supplied by the query.</desc><longdesc>This jQuery plugin makes DOM nodes sortable by mouse. You can additionally supply a great range of options to make them fit your needs.</longdesc><params name="options" type="Options"><desc>A set of key/value pairs that configure the sortable. All options are optional.</desc></params><option name="items" type="Selector"><desc>Items to apply sorting to.</desc></option><option name="helper" type="Element function()"><desc>Allows for a helper element to be used for dragging display. The supplied function should return a valid DOM node to be used as a custom proxy helper.</desc></option><option name="containment" type="String"><desc>Constrains dragging to within the bounds of the specified element. Possible values: 'parent', 'document', jQuery String.</desc></option><option name="zIndex" type="int"><desc>z-index for element/helper while being sorted.</desc></option><option name="hoverClass" type="String"><desc>Class that gets applied to the otherwise white space.</desc></option><option name="start" type="function(e, ui)"><desc>Function to call when sorting starts.</desc></option><option name="stop" type="function(e, ui)"><desc>Function to call when sorting stops.</desc></option><option name="update" type="function(e, ui)"><desc>Function to call when the user stopped sorting and something has changed.</desc></option><option name="sort" type="function(e, ui)"><desc>Function to call during sorting.</desc></option><option name="change" type="function(e, ui)"><desc>Function to call during sorting, when something changed.</desc></option><example><desc>Basic Example of a sortable.</desc><code>$(&quot;#myList&quot;).sortable({});</code><html>&lt;script  src=&quot;http://dev.jquery.com/view/trunk/plugins/dimensions/jquery.dimensions.js&quot;&gt;&lt;/script&gt;

&lt;script src=&quot;http://dev.jquery.com/view/trunk/plugins/ui/ui.mouse.js&quot;&gt;&lt;/script&gt;
&lt;script src=&quot;http://dev.jquery.com/view/trunk/plugins/ui/ui.draggable.js&quot;&gt;&lt;/script&gt;
&lt;script src=&quot;http://dev.jquery.com/view/trunk/plugins/ui/ui.droppable.js&quot;&gt;&lt;/script&gt;
&lt;script src=&quot;http://dev.jquery.com/view/trunk/plugins/ui/ui.sortable.js&quot;&gt;&lt;/script&gt;
&lt;ul id=&quot;myList&quot;&gt;

	    &lt;li&gt;Item 1&lt;/li&gt;
	    &lt;li&gt;Item 2&lt;/li&gt;
	    &lt;li&gt;Item 3&lt;/li&gt;
	    &lt;li&gt;Item 4&lt;/li&gt;

&lt;/ul&gt;
</html><css>ul { list-style: none; }
li { background: #727EA3; color: #FFF; width: 100px; margin: 5px; font-size: 10px; font-family: Arial; padding: 3px; }</css></example></function><function cat="UI/Sortables" name="sortableDestroy" return="jQuery" timestamp="2007-10-11T14:36:51Z"><desc>Destroys all sortable functionality in the current jQuery.</desc><longdesc></longdesc></function></cat><cat value="UI/Selectables"><function cat="UI/Selectables" name="selectable" return="" timestamp="2007-09-16T08:18:25Z"><desc>Creates new selectable on the nodeset supplied by the query.</desc><longdesc></longdesc><params name="options" type="Options"><desc>A set of key/value pairs that configure the selectable. All options are optional.</desc></params><option name="filter" type="Selector"><desc>The matching child elements will be made selectees (able to be selected). Default value: '*'</desc></option><option name="selected" type="Function"><desc>This callback is fired at the end of the select operation, on each element added to the selection.</desc></option><option name="selecting" type="Function"><desc>This callback is fired during the select operation, on each element added to the selection.</desc></option><option name="unselected" type="Function"><desc>This callback is fired at the end of the select operation, on each element removed from the selection.</desc></option><option name="unselecting" type="Function"><desc>This callback is fired during the select operation, on each element removed from the selection.</desc></option><example><desc>Basic Example of a selectable. (Draw a box with your mouse to select items.)</desc><code>$(&quot;#myList&quot;).selectable();</code><html>&lt;script  src=&quot;http://dev.jquery.com/view/trunk/plugins/dimensions/jquery.dimensions.js&quot;&gt;&lt;/script&gt;

&lt;script src=&quot;http://dev.jquery.com/view/trunk/plugins/ui/ui.mouse.js&quot;&gt;&lt;/script&gt;
&lt;script src=&quot;http://dev.jquery.com/view/trunk/plugins/ui/ui.draggable.js&quot;&gt;&lt;/script&gt;
&lt;script src=&quot;http://dev.jquery.com/view/trunk/plugins/ui/ui.droppable.js&quot;&gt;&lt;/script&gt;
&lt;script src=&quot;http://dev.jquery.com/view/trunk/plugins/ui/ui.selectable.js&quot;&gt;&lt;/script&gt;
&lt;ul id=&quot;myList&quot;&gt;

	    &lt;li&gt;Item 1&lt;/li&gt;
	    &lt;li&gt;Item 2&lt;/li&gt;
	    &lt;li&gt;Item 3&lt;/li&gt;
	    &lt;li&gt;Item 4&lt;/li&gt;

&lt;/ul&gt;
</html><css>ul { list-style: none; }
.ui-selected { background: #727EA3; color: #FFF; }
.ui-selecting { border: 1px solid #AAA; }
li { background: #CFD4E6; width: 100px; margin: 5px; font-size: 10px; font-family: Arial; padding: 3px; }</css></example></function></cat><cat value="UI/Resizables"><function cat="UI/Resizables" name="resizable" timestamp="2007-12-06T22:04:09Z"><desc>Creates new resizables on the nodeset supplied by the query.</desc><longdesc>This jQuery plugin makes DOM nodes resizable (meaning they have draggable resize handles). You can specify one or more handles as well as min and max width and height.</longdesc><params name="options" type="Options"><desc>A set of key/value pairs that configure the resizable. All options are optional, but a resizable will not be useful without at least one handle.</desc></params><option name="handles" type="{n, e, s, w, ne, se, sw, nw}"><desc>Each handle string (if specified) should be a jquery selector matching the child element of the resizable to use as the handle. If the handle is not a child of the resizable, you can pass in the DOM node or a valid jQuery object directly. </desc></option><option name="containment" type="Element, Selector"><desc>Constrains resizing to within the bounds of the specified element - can be a DOM element, 'parent', 'document' or a jQuery selector.</desc></option><option name="maxHeight" type="Int"><desc>This is the maximum height the resizable should be allowed to resize to.</desc></option><option name="maxWidth" type="Int"><desc>This is the maximum width the resizable should be allowed to resize to.</desc></option><option name="minHeight" type="Int"><desc>This is the minimum height the resizable should be allowed to resize to.</desc></option><option name="minWidth" type="Int"><desc>This is the minimum width the resizable should be allowed to resize to.</desc></option><option name="proxy" type="String"><desc>This is the css class that will be added to a proxy element to outline the resize during the drag of the resize handle. Once the resize is complete, the element is sized.</desc></option><option name="destructive" type="Boolean"><desc>Largely internal option. For elements that cannot have childnodes, it creates a wrapper div and all handles by itself, allowing to still control them via css. Try doing $('textarea').resizable() for an example. </desc></option><option name="proportionallyResize" type="Array"><desc>Advanced option that allows other elements to get proportionally resized together with the original one. Just specify jquery string in this array or directly insert DOM nodes.</desc></option><option name="start" type="function(e, ui)"><desc>This function is called at the start of a resize operation.</desc></option><option name="resize" type="function(e, ui)"><desc>This function is called during the resize, on the drag of the resize handler.</desc></option><option name="stop" type="function(e, ui)"><desc>This function is called at the end of a resize operation.</desc></option><example><desc>A simple jQuery UI Resizable.</desc><code>$(&quot;#example&quot;).resizable();</code><html>&lt;link rel=&quot;stylesheet&quot; href=&quot;http://dev.jquery.com/view/trunk/themes/flora/flora.all.css&quot; type=&quot;text/css&quot; media=&quot;screen&quot; title=&quot;Flora (Default)&quot;&gt;

&lt;script  src=&quot;http://dev.jquery.com/view/trunk/plugins/dimensions/jquery.dimensions.js&quot;&gt;&lt;/script&gt;
&lt;script src=&quot;http://dev.jquery.com/view/trunk/ui/current/ui.mouse.js&quot;&gt;&lt;/script&gt;
&lt;script src=&quot;http://dev.jquery.com/view/trunk/ui/current/ui.resizable.js&quot;&gt;&lt;/script&gt;
&lt;div id='example' class=&quot;ui-wrapper example&quot;&gt;
&lt;div style='position: absolute; top: 20px; left: 20px; bottom: 20px; right: 20px;'&gt;Resize me&lt;/div&gt;

&lt;/div&gt;
</html><css>div { width: 150px; height: 100px; }</css></example></function><function cat="UI/Resizables" name="resizableInstance" return="Instance" timestamp="2007-09-16T23:09:42Z"><desc>Returns the OO instance of the current resizable.</desc><longdesc>For the advanced, this function is very useful to modify internals of the resizable after initializing it. It returns a javascript function instance.</longdesc></function><function cat="UI/Resizables" name="resizableDestroy" return="jQuery" timestamp="2007-09-16T23:10:51Z"><desc>Destroys all resizing functionality in the current jQuery.</desc><longdesc>Destroys all resizing functionality in the current jQuery.</longdesc></function><function cat="UI/Resizables" name="resizableEnable" return="jQuery" timestamp="2007-09-16T23:13:52Z"><desc>Enables resizing.</desc><longdesc>Re-enables resizing functionality on the jQuery supplied that has been disabled before.</longdesc></function><function cat="UI/Resizables" name="resizableDisable" return="jQuery" timestamp="2007-09-16T23:17:10Z"><desc>Disables resizing.</desc><longdesc>Temporarily disables resizing on the current jQuery. Can be re-enabled again later on.</longdesc></function></cat><cat value="UI/Accordion"><function cat="UI/Accordion" name="accordion" return="jQuery" timestamp="2007-12-13T20:41:23Z"><desc>Make the selected elements Accordion widgets.</desc><longdesc> Semantic requirements:

If the structure of your container is flat with unique
tags for header and content elements, eg. a definition list
(dl &gt; dt + dd), you don't have to specify any options at
all.

If your structure uses the same elements for header and
content or uses some kind of nested structure, you have to
specify the header elements, eg. via class, see the second example.

Use activate(Number) to change the active content programmatically.

A change event is triggered everytime the accordion changes. Apart from
the event object, all arguments are jQuery objects.
Arguments: event, newHeader, oldHeader, newContent, oldContent</longdesc><params name="options" type="Options"><desc>A set of key/value pairs that configure the accordion. All options are optional.</desc></params><option default="first child's tagname" name="header" type="String, Element, jQuery"><desc>Selector for the header element. </desc></option><option default="first child" name="active" type="String, Element, jQuery, Boolean, Number"><desc>Selector for the active element. Set to false to display none at start.</desc></option><option default="'selected'" name="selectedClass" type="String"><desc>Class for active header elements.</desc></option><option default="true" name="alwaysOpen" type="Boolean"><desc>Whether there must be one content element open. </desc></option><option default="'slide'" name="animated" type="Boolean, String"><desc>Choose your favorite animation, or disable them (set to false). In addition to the default, &quot;bounceslide&quot; and &quot;easeslide&quot; are supported (both require the easing plugin).</desc></option><option default="&quot;click&quot;" name="event" type="String"><desc>The event on which to trigger the accordion.</desc></option><option default="false" name="navigation" type="Boolean"><desc>If set, looks for the anchor that matches location.href and activates it. Great for href-based state-saving.</desc></option><option default="false" name="autoheight" type="Boolean"><desc>If set, the highest content part is used as height reference for all other parts. Provides more consistent animations.</desc></option><option default="false" name="clearStyle" type="Boolean"><desc>If set, clears height and overflow styles after finishing animations. This enables accordions to work with dynamic content. Won't work together with autoheight.</desc></option><example><height>350</height><desc>A simple jQuery UI Accordion.</desc><code>$(&quot;#example&quot;).accordion();</code><html>&lt;link rel=&quot;stylesheet&quot; href=&quot;http://dev.jquery.com/view/trunk/themes/flora/flora.all.css&quot; type=&quot;text/css&quot; media=&quot;screen&quot; title=&quot;Flora (Default)&quot;&gt;

&lt;script type=&quot;text/javascript&quot; src=&quot;http://dev.jquery.com/view/trunk/plugins/dimensions/jquery.dimensions.js&quot;&gt;&lt;/script&gt;
&lt;script type=&quot;text/javascript&quot; src=&quot;http://dev.jquery.com/view/trunk/ui/current/ui.accordion.js&quot;&gt;&lt;/script&gt;

	&lt;ul id=&quot;example&quot; class=&quot;ui-accordion-container&quot; style=&quot;width: 200px;&quot;&gt;

		&lt;li&gt;
			&lt;div class=&quot;ui-accordion-left&quot;&gt;&lt;/div&gt;
			&lt;a href='#' class=&quot;ui-accordion-link&quot;&gt;
				Test 1
				&lt;div class=&quot;ui-accordion-right&quot;&gt;&lt;/div&gt;

			&lt;/a&gt;
			&lt;div&gt;Lorem ipsum dolor sit amet, consectetur adipisicing elit, sed do eiusmod tempor incididunt ut labore et dolore magna aliqua. Ut enim ad minim veniam, quis nostrud exercitation ullamco laboris nisi ut aliquip ex ea commodo consequat. Duis aute irure dolor in reprehenderit in voluptate velit esse cillum dolore eu fugiat nulla pariatur. Excepteur sint occaecat cupidatat non proident, sunt in culpa qui officia deserunt mollit anim id est laborum.
			&lt;/div&gt;

		&lt;/li&gt;
		&lt;li&gt;
			&lt;div class=&quot;ui-accordion-left&quot;&gt;&lt;/div&gt;

			&lt;a href='#' class=&quot;ui-accordion-link&quot;&gt;Test 2&lt;div class=&quot;ui-accordion-right&quot;&gt;&lt;/div&gt;&lt;/a&gt;
			&lt;div&gt;Lorem ipsum dolor sit amet, consectetur adipisicing elit, sed do eiusmod tempor incididunt ut labore et dolore magna aliqua. Ut enim ad minim veniam, quis nostrud exercitation ullamco laboris nisi ut aliquip ex ea commodo consequat. Duis aute irure dolor in reprehenderit in voluptate velit esse cillum dolore eu fugiat nulla pariatur. Excepteur sint occaecat cupidatat non proident, sunt in culpa qui officia deserunt mollit anim id est laborum.
			&lt;/div&gt;
		&lt;/li&gt;

		&lt;li&gt;
			&lt;div class=&quot;ui-accordion-left&quot;&gt;&lt;/div&gt;

			&lt;a href='#' class=&quot;ui-accordion-link&quot;&gt;Test 3&lt;div class=&quot;ui-accordion-right&quot;&gt;&lt;/div&gt;&lt;/a&gt;

			&lt;div&gt;Lorem ipsum dolor sit amet, consectetur adipisicing elit, sed do eiusmod tempor incididunt ut labore et dolore magna aliqua. Ut enim ad minim veniam, quis nostrud exercitation ullamco laboris nisi ut aliquip ex ea commodo consequat. Duis aute irure dolor in reprehenderit in voluptate velit esse cillum dolore eu fugiat nulla pariatur. Excepteur sint occaecat cupidatat non proident, sunt in culpa qui officia deserunt mollit anim id est laborum.
			&lt;/div&gt;
		&lt;/li&gt;
	&lt;/ul&gt;</html></example></function><function cat="UI/Accordion" name="activate" return="jQuery" timestamp="2007-09-16T01:39:07Z"><desc>Activate a content part of the Accordion programmatically.</desc><longdesc>The index can be a zero-indexed number to match the position of the header to close or a string expression matching an element. Pass -1 to close all (only possible with alwaysOpen:false).</longdesc><params name="index" type="String, Element, jQuery, Boolean, Number"><desc>An Integer specifying the zero-based index of the content to be activated or an expression specifying the element, or an element/jQuery object, or a boolean false to close all.</desc></params><example><desc>Activate the second content of the Accordion contained in &lt;div id=&quot;accordion&quot;&gt;.</desc><code>$(&quot;.selector&quot;).activate(1)</code></example><example><desc>Close all content parts of the accordion.</desc><code>$(&quot;.selector&quot;).activate(false)</code></example><example><desc>Activate the first element matching the given expression.</desc><code>$(&quot;.selector&quot;).activate(&quot;a:first&quot;)</code></example></function></cat><cat value="UI/Datepicker"><function cat="UI/Datepicker" name="datepicker" return="jQuery" timestamp="2007-11-15T09:40:56Z"><desc>The method that you use to create a new date picker. Customize with plenty of options.</desc><longdesc>Attach the date picker to an input or for an inline view attach the date picker to a div or span.</longdesc><params name="options" type="Options"><desc>A set of key/value pairs that configure the date picker. All options are optional.</desc></params><option default="'Clear'" name="clearText" type="String"><desc>The text to display for the clear link. This attribute is one of the regionalisation attributes.</desc></option><option default="'Close'" name="closeText" type="String"><desc>The text to display for the close link. This attribute is one of the regionalisation attributes.</desc></option><option default="true" name="closeAtTop" type="Boolean"><desc>Position the Clear/Close links at the top (true) or bottom (false).</desc></option><option default="'&lt;Prev'" name="prevText" type="String"><desc>The text to display for the previous month link. This attribute is one of the regionalisation attributes.</desc></option><option default="'Next&gt;'" name="nextText" type="String"><desc>The text to display for the next month link. This attribute is one of the regionalisation attributes.</desc></option><option default="false" name="hideIfNoPrevNext" type="Boolean"><desc>Normally the previous and next links are disabled when not applicable (see ''minDate''/''maxDate''). You can hide them altogether by setting this attribute to true.</desc></option><option default="'Today'" name="currentText" type="String"><desc>The text to display for the current day link. This attribute is one of the regionalisation attributes.</desc></option><option default="['January', 'February', 'March', 'April', 'May', 'June', 'July', 'August', 'September', 'October', 'November', 'December']" name="monthNames" type="String[]"><desc>The list of full month names, as used in the month header on each datepicker and as requested via the ''dateFormat'' setting. This attribute is one of the regionalisation attributes.</desc></option><option default="['Jan', 'Feb', 'Mar', 'Apr', 'May', 'Jun', 'Jul', 'Aug', 'Sep', 'Oct', 'Nov', 'Dec']" name="monthNamesShort" type="String[]"><desc>The list of abbreviated month names, for use as requested via the ''dateFormat'' setting. This attribute is one of the regionalisation attributes.&lt;br/&gt;'''Since v3.1.'''</desc></option><option default="true" name="changeMonth" type="Boolean"><desc>Allows you to change the month by selecting from a drop-down list. You can disable this feature by setting the attribute to false.</desc></option><option default="'-10:+10'" name="yearRange" type="String"><desc>Control the range of years displayed in the year drop-down: either relative to current year (-nn:+nn) or absolute (nnnn:nnnn).</desc></option><option default="true" name="changeYear" type="Boolean"><desc>Allows you to change the year by selecting from a drop-down list. You can disable this feature by setting the attribute to false.</desc></option><option default="'Wk'" name="weekHeader" type="String"><desc>The column header for the week of the year (see ''showWeeks''). This attribute is one of the regionalisation attributes.&lt;br/&gt;'''Since v3.1.'''</desc></option><option default="['Sunday', 'Monday', 'Tuesday', 'Wednesday', 'Thursday', 'Friday', 'Saturday']" name="dayNames" type="String[]"><desc>The list of long day names, starting from Sunday, for use as requested via the ''dateFormat'' setting. They also appear as popup hints when hovering over the corresponding column headings. This attribute is one of the regionalisation attributes.&lt;br/&gt;'''In v3.0''', this setting held the column headings.</desc></option><option default="['Sun', 'Mon', 'Tue', 'Wed', 'Thu', 'Fri', 'Sat']" name="dayNamesShort" type="String[]"><desc>The list of abbreviated day names, starting from Sunday, for use as requested via the ''dateFormat'' setting. This attribute is one of the regionalisation attributes.&lt;br/&gt;'''Since v3.1.'''</desc></option><option default="['Su', 'Mo', 'Tu', 'We', 'Th', 'Fr', 'Sa']" name="dayNamesMin" type="String[]"><desc>The list of minimised day names, starting from Sunday, for use as column headers within the datepicker. This attribute is one of the regionalisation attributes.&lt;br/&gt;'''Since v3.1.'''</desc></option><option default="0" name="firstDay" type="Number"><desc>Set the first day of the week: Sunday is 0, Monday is 1, ... This attribute is one of the regionalisation attributes.</desc></option><option default="true" name="changeFirstDay" type="Boolean"><desc>Allows you to click on the day names to have the week start on that day. You can disable this feature by setting the attribute to false.</desc></option><option default="false" name="showOtherMonths" type="Boolean"><desc>Display dates in other months (non-selectable) at the start or end of the current month.</desc></option><option default="false" name="showWeeks" type="Boolean"><desc>Display the week of the year alongside each month. The column header is specified by the ''weekHeader'' setting. The week number is calculated based on the first date shown in each row in the datepicker, and so may not apply to all days in that row. The ''calculateWeek'' setting allows you to change the week of the year calculation from the default ISO 8601 implementation.&lt;br/&gt;'''Since v3.1.'''</desc></option><option default="$.datepicker.iso8601Week" name="calculateWeek" type="Function"><desc>Perform the week of the year calculation. This function accepts a Date as a parameter and returns the number of the corresponding week of the year. The default implementation uses the ISO 8601 definition of a week: weeks start on a Monday and the first week of the year contains January 4. This means that up to three days from the previous year may be included in the first week of the  current year, and that up to three days from the current year may be included in the last week of the previous year.&lt;br/&gt;'''Since v3.1.'''</desc></option><option default="1" name="numberOfMonths" type="Number, Number[2]"><desc>Set how many months to show at once. The value can be a straight integer, or can be a two-element array to define the number of rows and columns to display.</desc></option><option default="1" name="stepMonths" type="Number"><desc>Set how many months to move when clicking the Previous/Next links.</desc></option><option default="false" name="rangeSelect" type="Boolean"><desc>Set to true to allow the selection of a date range on the one date picker, or false to just select a single date. For a date range, the first click sets the start date and a second click sets the end date.</desc></option><option default="' - '" name="rangeSeparator" type="String"><desc>Set the text to use to separate the two dates in a date range via the ''onSelect'' function.</desc></option><option default="null" name="defaultDate" type="Date(yyyy, mm - 1, dd), Number"><desc>Set the date to display on first opening if the field is blank. Specify either an actual date via a Date object, or relative to today with a number, or null for today.</desc></option><option default="null" name="minDate" type="Date(yyyy, mm - 1, dd)"><desc>Set a minimum selectable date, or null for no limit.</desc></option><option default="null" name="maxDate" type="Date(yyyy, mm - 1, dd)"><desc>Set a maximum selectable date, or null for no limit.</desc></option><option default="'mm/dd/yy'" name="dateFormat" type="String"><desc>The format for parsed and displayed dates. This attribute is one of the regionalisation attributes.&lt;br/&gt;'''In v3.0''', the first three characters are 'D' (day), 'M' (month), and 'Y' (year) in the required order, and the fourth is the separator, e.g. ISO would be 'YMD-', default was 'MDY/'.&lt;br/&gt;'''From v3.1''', the format is combinations of the following:
* d - day of month (no leading zero)
* dd - day of month (two digits)
* m - month (no leading zero)
* mm - month (two digits)
* y - year (two digits)
* yy - year (four digits)
* D - name of day (short)
* DD - name of day (long)
* M - name of month (short)
* MM - name of month (long)
* '...' - literal text
* '' - single quote
* anything else - literal text</desc></option><option default="false" name="useShortYear" type="Boolean"><desc>Set to true to display the year as two digits only, or false to show all four digits.&lt;br/&gt;'''Removed in v3.1.''' Use expanded ''dateFormat'' instead.</desc></option><option default="'+10'" name="shortYearCutoff" type="String, Number"><desc>Set the cutoff year for determining the century for a date (used in conjunction with ''dateFormat'' 'y'). If a numeric value (0-99) is provided then this value is used directly. If a string value is provided then it is converted to a number and added to the current year. Once the cutoff year is calculated, any dates entered with a year value less than or equal to it are considered to be in the current century, while those greater than it are deemed to be in the previous century.</desc></option><option default="''" name="appendText" type="String"><desc>The text to display after each date field, e.g. to show the required format.</desc></option><option default="'medium'" name="speed" type="String, Number"><desc>Control the speed at which the datepicker appears, it may be a time in milliseconds, a descriptive name ('slow', 'medium', 'fast'), or '' for immediately.</desc></option><option default="'focus'" name="showOn" type="String"><desc>Have the datepicker appear automatically when the field receives focus ('focus'), appear only when a button is clicked ('button'), or appear when either event takes place ('both').</desc></option><option default="'...'" name="buttonText" type="String"><desc>The text to display on the trigger button. Use in conjunction with ''showOn'' equal to 'button' or 'both'.</desc></option><option default="''" name="buttonImage" type="String"><desc>The URL for the popup button image. If set, button text becomes the ''alt'' value and is not directly displayed.</desc></option><option default="false" name="buttonImageOnly" type="Boolean"><desc>Set to true to place an image after the field to use as the trigger without it appearing on a button.</desc></option><option default="null" name="beforeShow" type="Function"><desc>Can be a function that takes an input field and current datepicker instance and returns a settings (anonymous) object to update the date picker with. It is called just before the datepicker is displayed.</desc></option><option default="null" name="beforeShowDay" type="Function"><desc>The function takes a date as a parameter and must return an array with [0] equal to true/false indicating whether or not this date is selectable and [1] equal to a CSS class name(s) or '' for the default presentation. It is called for each day in the datepicker before is it displayed.</desc></option><option default="null" name="onSelect" type="Function"><desc>Allows you to define your own event when the datepicker is selected. The function receives the selected date as text and the datepicker instance as parameters.</desc></option><example><height>210</height><desc>A simple jQuery UI Datepicker.</desc><code>$('#example').datepicker();
$('#exampleRange').datepicker({rangeSelect: true, firstDay: 1 });</code><html>&lt;link rel=&quot;stylesheet&quot; href=&quot;http://dev.jquery.com/view/trunk/themes/flora/flora.datepicker.css&quot; type=&quot;text/css&quot; media=&quot;screen&quot; title=&quot;Flora (Default)&quot;&gt;

&lt;script  src=&quot;http://dev.jquery.com/view/trunk/ui/current/datepicker/core/ui.datepicker.js&quot;&gt;&lt;/script&gt;
&lt;input type=&quot;text&quot; id=&quot;example&quot; value=&quot;Click inside me to see a datepicker&quot; style=&quot;width:300px;&quot;/&gt;

&lt;input type=&quot;text&quot; id=&quot;exampleRange&quot; value=&quot;A range datepicker starting on Monday&quot; style=&quot;width:300px;&quot;/&gt;</html></example><example><desc>Add a datepicker that appears on focus or a click on an icon.</desc><code>$('.invokeBoth').datepicker({ showOn: 'both', buttonImageOnly: true, buttonImage: 'datepicker.gif', buttonText: 'datepicker' });</code></example><example><desc>Add a datepicker that doesn't allow selection of days on weekends.</desc><code>$('#noWeekends').datepicker({ beforeShowDay: $.datepicker.noWeekends });</code></example><example><desc>Add a datepicker that defaults to 7 days in the future.</desc><code>$('#openDatePlus7').datepicker({ defaultDate: +7 });</code></example><example><desc>Add a datepicker in French. Requires loading of the French localization package.</desc><code>$('#frenchdatepicker').datepicker( $.datepicker.regional['fr'] );</code></example></function><function cat="UI/Datepicker" name="dialogDatepicker" return="Datepicker" timestamp="2007-11-21T08:08:04Z"><desc>Open a datepicker in a &quot;dialog&quot; box.</desc><longdesc></longdesc><params name="dateText" type="String"><desc>The initial date for the date picker.</desc></params><params name="onSelect" type="Function"><desc>A callback function when a date is selected. The function receives the date text and date picker instance as parameters.</desc></params><params name="settings" type="Options"><desc>The new settings for the date picker.</desc></params><params name="pos" type="Number[2] or MouseEvent"><desc>The position of the top/left of the dialog as [x, y] or a MouseEvent that contains the coordinates. If not specified the dialog is centered on the screen.</desc></params><example><desc>Open a datepicker in a &quot;dialog&quot; box.</desc><code>$.datepicker.dialogDatepicker($('#invokeDialog').val(), setDateFromDialog, {prompt: 'Choose a date', speed: ''});</code></example></function><function cat="UI/Datepicker" name="disableFor" return="Datepicker" timestamp="2007-10-21T14:11:30Z"><desc>Disable an input field and its attached date picker.</desc><longdesc></longdesc><params name="target" type="Element,Selector,jQuery collection"><desc>The input field to which the date picker is attached, or a selector for the input fields, or an existing jQuery collection.</desc></params><example><desc>Disable the date picker for an input field.</desc><code>$.datepicker.disableFor('#invokeFocus');</code></example></function><function cat="UI/Datepicker" name="enableFor" return="Datepicker" timestamp="2007-10-21T14:12:13Z"><desc>Enable an input field and its attached date picker.</desc><longdesc></longdesc><params name="target" type="Element,Selector,jQuery collection"><desc>The input field to which the date picker is attached, or a selector for the input fields, or an existing jQuery collection.</desc></params><example><desc>Enable the date picker for an input field.</desc><code>$.datepicker.enableFor('#invokeFocus');</code></example></function><function cat="UI/Datepicker" name="getDateFor" return="Date or Date[2]" timestamp="2007-10-21T14:12:55Z"><desc>Retrieve the current date from the date picker attached to an input field.</desc><longdesc>If the date picker has rangeSelect set to true, then a two-element array of dates is returned denoting the start and end of the range.</longdesc><params name="control" type="Element,Selector,jQuery collection"><desc>The input field, division or span to which the date picker is attached, or a selector for the input field, or an existing jQuery collection. In the latter two cases only the first element in the collection is used.</desc></params><example><desc>Retrieve the date for an input field.</desc><code>var date = $.datepicker.getDateFor('#invokeFocus');</code></example></function><function cat="UI/Datepicker" name="hideDatepicker" return="Datepicker" timestamp="2007-10-21T13:56:12Z"><desc>Close a previously opened date picker.</desc><longdesc></longdesc><params name="speed" type="String"><desc>The speed at which to close the date picker (optional).</desc></params><example><desc>Close the opened date picker.</desc><code>$.datepicker.hideDatepicker();</code></example></function><function cat="UI/Datepicker" name="isDisabled" return="Boolean" timestamp="2007-10-21T13:17:39Z"><desc>Determine whether or not an input field has been disabled for the date picker.</desc><longdesc></longdesc><params name="input" type="Element,Selector,jQuery collection"><desc>The input field to which the date picker is attached, or a selector for the input field, or an existing jQuery collection. In the latter two cases only the first element in the collection is used.</desc></params><example><desc>Retrieve the date for an input field.</desc><code>if ($.datepicker.isDisabled('#invokeFocus')) ...</code></example></function><function cat="UI/Datepicker" name="reconfigureFor" return="Datepicker" timestamp="2007-10-21T14:13:56Z"><desc>Change the settings for a previously attached date picker.</desc><longdesc></longdesc><params name="control" type="Element,Selector,jQuery collection"><desc>The input field, division or span to which the date picker is attached, or a jQuery selector for these fields, or an existing jQuery collection.</desc></params><params name="settings" type="Options"><desc>The new settings for these date pickers.</desc></params><example><desc>Reconfigure the date picker for an input field - changing its opening speed.</desc><code>$.datepicker.reconfigureFor('#reconfigureCal', {speed: select.options[select.selectedIndex].value});</code></example></function><function cat="UI/Datepicker" name="setDateFor" return="Datepicker" timestamp="2007-10-21T14:14:39Z"><desc>Set the current date for the date picker attached to an input field.</desc><longdesc></longdesc><params name="control" type="Element,Selector,jQuery collection"><desc>The input field, division or span to which the date picker is attached, or a selector for the input field, or an existing jQuery collection. In the latter two cases only the first element in the collection is used.</desc></params><params name="date" type="Date"><desc>The new date value (starting date for a date range).</desc></params><params name="endDate" type="Date"><desc>The new end date value for a date range (optional).</desc></params><example><desc>Set the date for an input field.</desc><code>$.datepicker.setDateFor('#invokeFocus', new Date(2007, 1 - 1, 26));</code></example><example><desc>Set the date for a date range input field.</desc><code>$.datepicker.setDateFor('#dateRange', new Date(2007, 1 - 1, 26), new Date(2007, 1 - 1, 30));</code></example></function><function cat="UI/Datepicker" name="setDefaults" return="Datepicker" timestamp="2007-10-21T13:45:26Z"><desc>Change the default settings for all date pickers</desc><longdesc></longdesc><params name="settings" type="Options"><desc>The new settings for all date pickers. See the <![CDATA[<a href='UI/Datepicker/datepicker'>datepicker options</a>]]>.</desc></params><example><desc>Set all date pickers to open on focus or a click on an icon.</desc><code>$.datepicker.setDefaults({showOn: 'both', buttonImageOnly: true, buttonImage: 'calendar.gif', buttonText: 'Calendar'});</code></example><example><desc>Set all date pickers to have French text.</desc><code>$.datepicker.setDefaults($.datepicker.regional['fr']);</code></example></function><function cat="UI/Datepicker" name="showFor" return="Datepicker" timestamp="2007-10-21T13:46:06Z"><desc>Call up a previously attached date picker.</desc><longdesc></longdesc><params name="target" type="Element"><desc>The input field to which the date picker is attached, or a selector for the input field, or an existing jQuery collection. In the latter two cases only the first element in the collection is used.</desc></params><example><desc>Bring up the date picker for an input field.</desc><code>$.datepicker.showFor('#invokeFocus');</code></example></function><function cat="UI/Datepicker" name="parseDate" return="Date" timestamp="2007-11-15T12:13:14Z"><desc>Extract a date from a string value with a specified format.</desc><longdesc>The format can be combinations of the following:
* d  - day of month (no leading zero)
* dd - day of month (two digit)
* D  - day name short
* DD - day name long
* m  - month of year (no leading zero)
* mm - month of year (two digit)
* M  - month name short
* MM - month name long
* y  - year (two digit)
* yy - year (four digit)
* '...' - literal text
* '' - single quote
* anything else - literal text
A number of exceptions may be thrown:
* 'Invalid arguments' if either ''format'' or ''value'' is null
* 'Missing number at position nn' if ''format'' indicated a numeric value that is not then found
* 'Unknown name at position nn' if ''format'' indicated day or month name that is not then found
* 'Unexpected literal at position nn' if ''format'' indicated a literal value that is not then found
* 'Invalid date' if the date is invalid, such as '31/02/2007'
'''Since v3.1.'''</longdesc><params name="format" type="String"><desc>The format to use in extracting the date.</desc></params><params name="value" type="String"><desc>The date value to be examined.</desc></params><params name="shortYearCutoff" type="Number"><desc>The value (0-99) beyond which years are considered to be in the previous century. Used in conjunction with the 'y' format option. Defaults to the datepicker default which is usually 10 years in the future.</desc></params><params name="dayNamesShort" type="String[7]"><desc>The short names for the days of the week, starting at Sunday (optional). Defaults to the datepicker default which is usually standard English.</desc></params><params name="dayNames" type="String[7]"><desc>The long names for the days of the week, starting at Sunday (optional). Defaults to the datepicker default which is usually standard English.</desc></params><params name="monthNamesShort" type="String[12]"><desc>The short names for the months of the year (optional). Defaults to the datepicker default which is usually standard English.</desc></params><params name="monthNames" type="String[12]"><desc>The long names for the months of the year (optional). Defaults to the datepicker default which is usually standard English.</desc></params><example><desc>Extract a date in ISO format.</desc><code>$.datepicker.parseDate('yy-mm-dd', '2007-01-26');</code></example><example><desc>Extract a date in expanded French format.</desc><code>$.datepicker.parseDate('DD, MM d, yy', 'Samedi, Juillet 14, 2007', 20, $.datepicker.regional['fr'].dayNamesShort, $.datepicker.regional['fr'].dayNames, $.datepicker.regional['fr'].monthNamesShort, $.datepicker.regional['fr'].monthNames);</code></example></function><function cat="UI/Datepicker" name="formatDate" return="String" timestamp="2007-11-15T12:15:07Z"><desc>Format a date into a string value with a specified format.</desc><longdesc>The format can be combinations of the following:
* d  - day of month (no leading zero)
* dd - day of month (two digit)
* D  - day name short
* DD - day name long
* m  - month of year (no leading zero)
* mm - month of year (two digit)
* M  - month name short
* MM - month name long
* y  - year (two digit)
* yy - year (four digit)
* '...' - literal text
* '' - single quote
* anything else - literal text
'''Since v3.1.'''</longdesc><params name="format" type="String"><desc>The format to use in presenting the date.</desc></params><params name="date" type="Date"><desc>The date value to be displayed.</desc></params><params name="dayNamesShort" type="String[7]"><desc>The short names for the days of the week, starting at Sunday (optional). Defaults to the datepicker default which is usually standard English.</desc></params><params name="dayNames" type="String[7]"><desc>The long names for the days of the week, starting at Sunday (optional). Defaults to the datepicker default which is usually standard English.</desc></params><params name="monthNamesShort" type="String[12]"><desc>The short names for the months of the year (optional). Defaults to the datepicker default which is usually standard English.</desc></params><params name="monthNames" type="String[12]"><desc>The long names for the months of the year (optional). Defaults to the datepicker default which is usually standard English.</desc></params><example><desc>Display the date in ISO format. Produces '2007-01-26'.</desc><code>$.datepicker.formatDate('yy-mm-dd', new Date(2007, 1 - 1, 26));</code></example><example><desc>Display the date in expanded French format. Produces 'Samedi, Juillet 14, 2007'.</desc><code>$.datepicker.formatDate('DD, MM d, yy', new Date(2007, 7 - 1, 14), $.datepicker.regional['fr'].dayNamesShort, $.datepicker.regional['fr'].dayNames, $.datepicker.regional['fr'].monthNamesShort, $.datepicker.regional['fr'].monthNames);</code></example></function><function cat="UI/Datepicker" name="iso8601Week" return="Number" timestamp="2007-11-15T12:10:11Z"><desc>Determine the week of the year for a given date: 1 to 53.</desc><longdesc>This function uses the ISO 8601 definition of a week: weeks start on a Monday and the first week of the year contains January 4. This means that up to three days from the previous year may be included in the first week of the current year, and that up to three days from the current year may be included in the last week of the previous year.&lt;br/&gt;'''Since v3.1.'''</longdesc><params name="date" type="Date"><desc>The date to find the week for.</desc></params><example><desc>Find the week of the year for a date.</desc><code>$.datepicker.iso8601Week(new Date(2007, 1 - 1, 26));</code></example></function></cat><cat value="UI/Dialog"><function cat="UI/Dialog" name="dialog" return="jQuery" timestamp="2007-12-06T21:51:30Z"><desc>Make the selected elements Dialog boxes.</desc><longdesc></longdesc><params name="options" type="Options"><desc>A set of key/value pairs that configure the dialog. All options are optional.</desc></params><option name="buttons" type="Object"><desc>Specifies which buttons should be displayed on the dialog. The property key is the text of the button. The value is the callback function for when the button is clicked.</desc></option><option name="height" type="Number"><desc>The height of the dialog, in pixels. Default value: 200.</desc></option><option name="position" type="String"><desc>Specifies where the dialog should be displayed. Possible values: 'center'. Default value: 'center'.</desc></option><option name="title" type="String"><desc>Specifies the title of the dialog. The title can also be specified by the title attribute on the dialog source element.</desc></option><option name="width" type="Number"><desc>The width of the dialog, in pixels. Default value: 300.</desc></option><example><height>300</height><desc>A simple jQuery UI Modal Dialog.</desc><code>$(&quot;#example&quot;).dialog();</code><html>&lt;link rel=&quot;stylesheet&quot; href=&quot;http://dev.jquery.com/view/trunk/themes/flora/flora.all.css&quot; type=&quot;text/css&quot; media=&quot;screen&quot; title=&quot;Flora (Default)&quot;&gt;

&lt;script type=&quot;text/javascript&quot; src=&quot;http://dev.jquery.com/view/trunk/plugins/dimensions/jquery.dimensions.js&quot;&gt;&lt;/script&gt;
&lt;script type=&quot;text/javascript&quot; src=&quot;http://dev.jquery.com/view/trunk/ui/current/ui.dialog.js&quot;&gt;&lt;/script&gt;
&lt;script type=&quot;text/javascript&quot; src=&quot;http://dev.jquery.com/view/trunk/ui/current/ui.resizable.js&quot;&gt;&lt;/script&gt;

&lt;script type=&quot;text/javascript&quot; src=&quot;http://dev.jquery.com/view/trunk/ui/current/ui.mouse.js&quot;&gt;&lt;/script&gt;
&lt;script type=&quot;text/javascript&quot; src=&quot;http://dev.jquery.com/view/trunk/ui/current/ui.draggable.js&quot;&gt;&lt;/script&gt;
&lt;div id=&quot;example&quot; class=&quot;flora&quot; title=&quot;This is my title&quot;&gt;I'm in a dialog!&lt;/div&gt;</html></example></function><function cat="UI/Dialog" name="dialogOpen" return="jQuery" timestamp="2007-09-16T08:51:22Z"><desc>Opens the specified dialog boxes.</desc><longdesc></longdesc></function><function cat="UI/Dialog" name="dialogClose" return="jQuery" timestamp="2007-09-16T08:51:48Z"><desc>Closes the specified dialog boxes.</desc><longdesc></longdesc></function></cat><cat value="UI/Slider"><function cat="UI/Slider" name="slider" timestamp="2007-12-11T05:39:07Z"><desc>Makes a slider from the nodeset supplied by the query.</desc><longdesc>With this plugin, you can generate sliders with a wide range of options, including multiple handles, callbacks and more.</longdesc><params name="options" type="Options"><desc>A set of key/value pairs that configure the slider. All options are optional, but a slider will not be useful without at least one callback.</desc></params><option name="handle" type="String"><desc> The jquery selector to use for the handle of the slider (defaults to &quot;.ui-slider-handle&quot;). </desc></option><option name="minValue" type="Int"><desc> The minimum value of the slider. Useful for tracking values via callback, and to set steps. </desc></option><option name="maxValue" type="Int"><desc> The maximum value of the slider. Useful for tracking values via callback, and to set steps. </desc></option><option name="startValue" type="Int"><desc> The value the handle will have first. </desc></option><option name="stepping" type="Int"><desc> If defined, the new value has to be dividable through this number, so the slider jumps from step to step.  </desc></option><option name="steps" type="Int"><desc> Alternative to stepping, this defines how many steps a slider will have, instead of how many values to jump, as in stepping.  </desc></option><option name="axis" type="String"><desc> Usually you don't have to set that option, because the slider finds out automatically if you want a horizontal or a vertical slider. In case it's not correctly detected, insert 'horizontal'/'vertical'.  </desc></option><option name="stop" type="Function"><desc> Function that gets called when the user stops sliding.  Takes arguments e and ui, for event and user-interface respectively.  Use ui.value (single-handled sliders) or ui.values (multi-handled sliders) to obtain the value of the slider.</desc></option><option name="start" type="Function"><desc> Function that gets called when the user starts sliding.  Takes arguments e and ui, for event and user-interface respectively.  Use ui.value (single-handled sliders) or ui.values (multi-handled sliders) to obtain the value of the slider.</desc></option><option name="slide" type="Function"><desc> Function that gets called on every mouse move during slide.  Takes arguments e and ui, for event and user-interface respectively.  Use ui.value (single-handled sliders) or ui.values (multi-handled sliders) to obtain the value of the slider.  For example:

&lt;pre&gt;

$(window).bind(&quot;load&quot;,function(){
	$('#sliderId').slider({ 
	          steps: 10,
		  minValue: 0,
		  maxValue: 10,
		  slide: function(e,ui) { 
		     $(&quot;#slider-min&quot;).text( ui.values[0] ); 
		     $(&quot;#slider-max&quot;).text( ui.values[1] ); 
		  }
		   });
&lt;/pre&gt;

This example creates a double slider from 0-10 with &quot;10&quot; steps (actually eleven positions) and prints the values in spans/divs with the id tags &lt;code&gt;slider-min&lt;/code&gt; and &lt;code&gt;slider-max&lt;/code&gt;.For a single slider, all that is needed is ui.value.

</desc></option><option name="change" type="Function"><desc> Function that gets called on slide stop, but only if the slider position has changed.  Takes arguments e and ui, for event and user-interface respectively.  Use ui.value (single-handled sliders) or ui.values (multi-handled sliders) to obtain the value of the slider.</desc></option><example><desc>A simple jQuery UI Accordion.</desc><code>$(&quot;#example&quot;).slider();</code><height>50</height><html>&lt;link rel=&quot;stylesheet&quot; href=&quot;http://dev.jquery.com/view/trunk/themes/flora/flora.all.css&quot; type=&quot;text/css&quot; media=&quot;screen&quot; title=&quot;Flora (Default)&quot;&gt;

&lt;script type=&quot;text/javascript&quot; src=&quot;http://dev.jquery.com/view/trunk/plugins/dimensions/jquery.dimensions.js&quot;&gt;&lt;/script&gt;
&lt;script type=&quot;text/javascript&quot; src=&quot;http://dev.jquery.com/view/trunk/plugins/ui/ui.mouse.js&quot;&gt;&lt;/script&gt;
&lt;script type=&quot;text/javascript&quot; src=&quot;http://dev.jquery.com/view/trunk/plugins/ui/ui.slider.js&quot;&gt;&lt;/script&gt;

&lt;div id='example' class='ui-slider-1' style=&quot;margin:10px;&quot;&gt;
&lt;div class='ui-slider-handle'&gt;&lt;/div&gt;	
&lt;/div&gt;</html></example></function></cat><cat value="Plugins/Tablesorter"><function cat="Plugins/Tablesorter" name="tablesorter" return="jQuery" timestamp="2007-09-18T00:04:02Z"><desc>Create a sortable table with multi-column sorting capabilities.</desc><longdesc></longdesc><params name="options" type="Options"><desc>A set of key/value pairs that configure tablesorter. All options are optional.</desc></params><option name="cssHeader" type="String"><desc>A string of the class name to be appended to sortable tr elements in the thead of the table.</desc></option><option name="cssAsc" type="String"><desc>A string of the class name to be appended to sortable tr elements in the thead on a ascending sort.</desc></option><option name="cssDesc" type="String"><desc>A string of the class name to be appended to sortable tr elements in the thead on a descending sort.</desc></option><option name="sortMultisortKey" type="String"><desc>A string of the multi-column sort key.</desc></option><option name="textExtraction" type="String"><desc>A string of the text-extraction method to use. For complex HTML structures inside td cell set this option to &quot;complex&quot;, on large tables the complex option can be slow.</desc></option><option name="headers" type="Object"><desc>An object of instructions for per-column controls.</desc></option><option name="sortList" type="Array"><desc>An array of instructions for per-column sorting and direction in the format: [columnIndex, sortDirection] where columnIndex is a zero-based index for your columns left-to-right and sortDirection is 0 for Ascending and 1 for Descending.</desc></option><option name="sortForce" type="Array"><desc>Use to add an additional forced sort that will be appended to the dynamic selections by the user. For example, can be used to sort people alphabetically after some other user-selected sort that results in rows with the same value like dates or money due. It can help prevent data from appearing as though it has a random secondary sort.</desc></option><option name="widthFixed" type="Boolean"><desc>Indicates if tablesorter should apply fixed widths to the table columns. This is useful for the Pager companion. Requires the jQuery dimension plugin to work.</desc></option><option name="cancelSelection" type="Boolean"><desc>Indicates if tablesorter should disable selection of text in the table header (TH). Makes header behave more like a button.</desc></option><option name="debug" type="Boolean"><desc>Enables debugging mode, useful for development.</desc></option><example><desc>A simple Table Sorter.</desc><height>155</height><code>$(&quot;#example&quot;).tablesorter({sortList:<![CDATA[<a href='0,0],[2,1'>0,0],[2,1</a>]]>, widgets: ['zebra']});</code><html>&lt;link rel=&quot;stylesheet&quot; href=&quot;http://dev.jquery.com/view/trunk/themes/flora/flora.all.css&quot; type=&quot;text/css&quot; media=&quot;screen&quot; title=&quot;Flora (Default)&quot;&gt;

&lt;script  src=&quot;http://dev.jquery.com/view/trunk/plugins/tablesorter/2.0/jquery.tablesorter.js&quot;&gt;&lt;/script&gt;

	&lt;table id=&quot;example&quot; class=&quot;tablesorter&quot; border=&quot;0&quot; cellpadding=&quot;0&quot; cellspacing=&quot;1&quot;&gt;

		&lt;thead&gt;
			&lt;tr&gt;
				&lt;th&gt;First Name&lt;/th&gt;
				&lt;th&gt;Last Name&lt;/th&gt;

				&lt;th&gt;Age&lt;/th&gt;
				&lt;th&gt;Total&lt;/th&gt;
				&lt;th&gt;Discount&lt;/th&gt;
				&lt;th&gt;Date&lt;/th&gt;

			&lt;/tr&gt;
		&lt;/thead&gt;
		&lt;tbody&gt;

			&lt;tr&gt;
				&lt;td&gt;Peter&lt;/td&gt;

				&lt;td&gt;Parker&lt;/td&gt;
				&lt;td&gt;28&lt;/td&gt;
				&lt;td&gt;$9.99&lt;/td&gt;
				&lt;td&gt;20%&lt;/td&gt;

				&lt;td&gt;Jul 6, 2006 8:14 AM&lt;/td&gt;
			&lt;/tr&gt;
			&lt;tr&gt;
				&lt;td&gt;John&lt;/td&gt;

				&lt;td&gt;Hood&lt;/td&gt;
				&lt;td&gt;33&lt;/td&gt;
				&lt;td&gt;$19.99&lt;/td&gt;

				&lt;td&gt;25%&lt;/td&gt;

				&lt;td&gt;Dec 10, 2002 5:14 AM&lt;/td&gt;
			&lt;/tr&gt;
			&lt;tr&gt;
				&lt;td&gt;Clark&lt;/td&gt;
				&lt;td&gt;Kent&lt;/td&gt;

				&lt;td&gt;18&lt;/td&gt;

				&lt;td&gt;$15.89&lt;/td&gt;
				&lt;td&gt;44%&lt;/td&gt;
				&lt;td&gt;Jan 12, 2003 11:14 AM&lt;/td&gt;

			&lt;/tr&gt;
			&lt;tr&gt;
				&lt;td&gt;Bruce&lt;/td&gt;
				&lt;td&gt;Almighty&lt;/td&gt;

				&lt;td&gt;45&lt;/td&gt;
				&lt;td&gt;$153.19&lt;/td&gt;
				&lt;td&gt;44%&lt;/td&gt;
				
				&lt;td&gt;Jan 18, 2001 9:12 AM&lt;/td&gt;

			&lt;/tr&gt;
			&lt;tr&gt;
				&lt;td&gt;Bruce&lt;/td&gt;

				&lt;td&gt;Evans&lt;/td&gt;

				&lt;td&gt;22&lt;/td&gt;
				&lt;td&gt;$13.19&lt;/td&gt;
				&lt;td&gt;11%&lt;/td&gt;
				&lt;td&gt;Jan 18, 2007 9:12 AM&lt;/td&gt;

			&lt;/tr&gt;

		&lt;/tbody&gt;
	&lt;/table&gt;</html></example></function></cat><cat value="UI/Tabs"><function cat="UI/Tabs" name="tabs" return="jQuery" timestamp="2007-12-08T20:25:29Z"><desc>The method that you use to create a new tabs interface.</desc><longdesc></longdesc><params name="initial" optional="true" type="Number"><desc>An integer specifying the position of the tab (no zero-based index) that is selected on initialization.</desc></params><params name="options" optional="true" type="Options"><desc>A set of key/value pairs that configures the tabs interface. All options are optional.</desc></params><option default="click" name="event" type="String"><desc>The type of event to be used for selecting a tab.</desc></option><option default="[]" name="disabled" type="Array&lt;Number&gt;"><desc>An array containing the position of the tabs (no zero-based index) that should be disabled on initialization.</desc></option><option name="cookie" type="Object"><desc>Retrieve the active tab to start with from a cookie. Requires cookie plugin. The object needs to have key/value pairs of the form the cookie plugin expects as options. Available options: &amp;#123; expires: 7, path: '/', domain: 'jquery.com', secure: true &amp;#125;</desc></option><option default="false" name="unselected" type="Boolean"><desc>Wether or not to start with all tabs unselected.</desc></option><option default="false, as the case may be unselected is enabled true" name="unselect" type="Boolean"><desc>Wether or not to hide an already selected tab on click.</desc></option><option default="Loading&amp;amp;#8230;" name="spinner" type="String"><desc>The HTML content of this string is shown in a tab title while remote content is loading. Pass in empty string to deactivate that behavior.</desc></option><option default="false" name="cache" type="Boolean"><desc>Wether or not to cache remote tabs content, e.g. load only once or with every click. Cached content is being lazy loaded, e.g once on the first click. Note that to prevent the actual Ajax requests from being cached by the browser you need to provide an extra cache: false flag to ajaxOptions.</desc></option><option name="ajaxOptions" type="Options"><desc>Additional Ajax options to consider when loading tab content (see $.ajax).</desc></option><option default="ui-tabs-" name="idPrefix" type="String"><desc>If the remote tab, its anchor element that is, has no title attribute to generate an id from, an id/fragment identifier is created from this prefix and a unique id returned by $.data(el), for example &quot;ui-tabs-54&quot;.</desc></option><option default="false" name="fxFade" type="Boolean"><desc>Wether or not to use fade in/out animations for tabs showing/hiding. Can be combined with fxSlide. Will overrule fxShow/fxHide.</desc></option><option default="false" name="fxSlide" type="Boolean"><desc>Wether or not to use slide down/up animations for tabs showing/hiding. Can be combined with fxFade. Will overrule fxShow/fxHide.</desc></option><option name="fxShow" type="Options"><desc>Key/value pairs of the form jQuery's animate function expects for creating a custom animation to show a tab. Unlike fxFade or fxSlide this animation is independent from optional fxHide.</desc></option><option name="fxHide" type="Options"><desc>Key/value pairs of the form jQuery's animate function expects for creating a custom animation to hide a tab. Unlike fxFade or fxSlide this animation is independent from optional fxShow.</desc></option><option default="normal" name="fxSpeed" type="String,Number"><desc>A string representing one of the three predefined speeds (&quot;slow&quot;, &quot;normal&quot;, &quot;fast&quot;) or the duration in milliseconds to run an animation.</desc></option><option default="fxSpeed" name="fxShowSpeed" type="String,Number"><desc>A string representing one of the three predefined speeds (&quot;slow&quot;, &quot;normal&quot;, &quot;fast&quot;) or the duration in milliseconds to run a show animation (fxFade, fxSlide, fxShow).</desc></option><option default="fxSpeed" name="fxHideSpeed" type="String,Number"><desc>A string representing one of the three predefined speeds (&quot;slow&quot;, &quot;normal&quot;, &quot;fast&quot;) or the duration in milliseconds to run a hide animation (fxFade, fxSlide, fxHide).</desc></option><option name="add" type="Function"><desc>Tab added callback, called with two arguments: added tab, added tab container (in this order).</desc></option><option name="remove" type="Function"><desc>Tab removed callback, called with two arguments: removed tab, removed tab container (in this order).</desc></option><option name="enable" type="Function"><desc>Tab enabled callback, called with two arguments: enabled tab, enabled tab container (in this order).</desc></option><option name="disable" type="Function"><desc>Tab disabled callback, called with two arguments: disabled tab, disabled tab container (in this order).</desc></option><option name="click" type="Function"><desc>Tab clicked callback, called with three arguments: clicked tab, tab container to show, tab container to hide (in this order). If callback returns false the tab click is aborted.</desc></option><option name="show" type="Function"><desc>Tab shown callback, called with three arguments: clicked tab, tab container to show, tab container to hide (in this order).</desc></option><option name="hide" type="Function"><desc>Tab hidden callback, called with three arguments: clicked tab, tab container to hide, tab container to show (in this order).</desc></option><option name="load" type="Function"><desc>Remote tab content loaded callback, called with two arguments: clicked, e.g. loading tab, loaded tab content container (in this order).</desc></option><option default="&amp;lt;li&amp;gt;&amp;lt;a href&amp;#61;&quot;#&amp;#123;href&amp;#125;&quot;&amp;gt;&amp;lt;span&amp;gt;#&amp;#123;text&amp;#125;&amp;lt;/span&amp;gt;&amp;lt;/a&amp;gt;&amp;lt;/li&amp;gt;" name="tabTemplate" type="String"><desc>HTML template from which a new tab is created and added with the tabsAdd method. The placeholders #&amp;#123;href&amp;#125; and #&amp;#123;text&amp;#125; are replaced with the url and tab title that are passed as arguments to the tabsAdd method.</desc></option><option default="&amp;lt;div&amp;gt;&amp;lt;/div&amp;gt;" name="panelTemplate" type="String"><desc>HTML template from which a new tab panel is created in case of adding a tab with the tabsAdd method or when creating a panel for a remote tab on the fly.</desc></option><example><height>135</height><desc>A simple jQuery UI Tabbed pane.</desc><code>$(&quot;#example &gt; ul&quot;).tabs();</code><html>&lt;link rel=&quot;stylesheet&quot; href=&quot;http://dev.jquery.com/view/trunk/themes/flora/flora.all.css&quot; type=&quot;text/css&quot; media=&quot;screen&quot; title=&quot;Flora (Default)&quot;&gt;

&lt;script type=&quot;text/javascript&quot; src=&quot;http://dev.jquery.com/view/trunk/ui/current/ui.tabs.js&quot;&gt;&lt;/script&gt;

        &lt;div id=&quot;example&quot; class=&quot;flora&quot;&gt;
            &lt;ul&gt;

                &lt;li&gt;&lt;a href=&quot;#fragment-1&quot;&gt;&lt;span&gt;One&lt;/span&gt;&lt;/a&gt;&lt;/li&gt;
                &lt;li&gt;&lt;a href=&quot;#fragment-2&quot;&gt;&lt;span&gt;Two&lt;/span&gt;&lt;/a&gt;&lt;/li&gt;

                &lt;li&gt;&lt;a href=&quot;#fragment-3&quot;&gt;&lt;span&gt;Three&lt;/span&gt;&lt;/a&gt;&lt;/li&gt;
            &lt;/ul&gt;
            &lt;div id=&quot;fragment-1&quot;&gt;

                &lt;p&gt;First tab is active by default:&lt;/p&gt;
                &lt;pre&gt;&lt;code&gt;$('#example &gt; ul').tabs();&lt;/code&gt;&lt;/pre&gt;

            &lt;/div&gt;

            &lt;div id=&quot;fragment-2&quot;&gt;
                Lorem ipsum dolor sit amet, consectetuer adipiscing elit, sed diam nonummy nibh euismod tincidunt ut laoreet dolore magna aliquam erat volutpat.
                Lorem ipsum dolor sit amet, consectetuer adipiscing elit, sed diam nonummy nibh euismod tincidunt ut laoreet dolore magna aliquam erat volutpat.
            &lt;/div&gt;
            &lt;div id=&quot;fragment-3&quot;&gt;
                Lorem ipsum dolor sit amet, consectetuer adipiscing elit, sed diam nonummy nibh euismod tincidunt ut laoreet dolore magna aliquam erat volutpat.
                Lorem ipsum dolor sit amet, consectetuer adipiscing elit, sed diam nonummy nibh euismod tincidunt ut laoreet dolore magna aliquam erat volutpat.
                Lorem ipsum dolor sit amet, consectetuer adipiscing elit, sed diam nonummy nibh euismod tincidunt ut laoreet dolore magna aliquam erat volutpat.
            &lt;/div&gt;
        &lt;/div&gt;</html></example><example><desc>Builds a tabs interface with second tab selected on initialization.</desc><code>$('.selector').tabs(2);</code></example><example><desc>Builds a tabs interface with some additional options.</desc><code>$('.selector').tabs({ cache: true });</code></example><example><desc>Builds a tabs interface with second tab selected on initialization and some additional options.</desc><code>$('.selector').tabs(2, { cache: true });</code></example></function><function cat="UI/Tabs" name="tabsAdd" return="jQuery" timestamp="2007-09-14T14:19:07Z"><desc>The method that you use to add a new tab to a tabs interface.</desc><longdesc>The selector must be the same as the one that was used for tabs initialisation, e.g. must match or can be the ul/ol element.</longdesc><params name="url" type="String"><desc>A fragment identifier (hash) or full URL (same domain) for the new tab. The identifier may refer to an already existing element, otherwise a new div is going to be created.</desc></params><params name="title" type="String"><desc>The title of the new tab.</desc></params><params name="position" optional="true" type="Number"><desc>The position where the new tab is created (no zero-based index). By default a new tab is appended as last tab.</desc></params><example><desc>Adds a new inline tab at the end.</desc><code>$(&quot;.selector&quot;).tabsAdd('#new-tab', 'New Tab');</code></example><example><desc>Inserts a new inline tab at the second position.</desc><code>$(&quot;.selector&quot;).tabsAdd('#new-tab', 'New Tab', 2);</code></example><example><desc>Adds a new remote tab at the end.</desc><code>$(&quot;.selector&quot;).tabsAdd('/path/to/foo.php', 'New Tab');</code></example></function><function cat="UI/Tabs" name="tabsRemove" return="jQuery" timestamp="2007-09-14T14:19:51Z"><desc>The method that you use to remove a tab from a tabs interface.</desc><longdesc>The selector must be the same as the one that was used for tabs initialisation, e.g. must match or can be the ul/ol element.</longdesc><params name="position" type="Number"><desc>The position of the tab that is going to be removed (no zero-based index).</desc></params></function><function cat="UI/Tabs" name="tabsEnable" return="jQuery" timestamp="2007-09-14T14:20:25Z"><desc>The method that you use to enable a tab in a tabs interface.</desc><longdesc>The selector must be the same as the one that was used for tabs initialisation, e.g. must match or can be the ul/ol element.</longdesc><params name="position" type="Number"><desc>The position of the tab that is going to be enabled (no zero-based index).</desc></params></function><function cat="UI/Tabs" name="tabsDisable" return="jQuery" timestamp="2007-09-14T14:20:54Z"><desc>The method that you use to disable a tab in a tabs interface.</desc><longdesc>The selector must be the same as the one that was used for tabs initialisation, e.g. must match or can be the ul/ol element.</longdesc><params name="position" type="Number"><desc>The position of the tab that is going to be disabled (no zero-based index).</desc></params></function><function cat="UI/Tabs" name="tabsClick" return="jQuery" timestamp="2007-09-14T14:21:38Z"><desc>The method that you use to simulate a click on tab in a tabs interface.</desc><longdesc>The selector must be the same as the one that was used for tabs initialisation, e.g. must match or can be the ul/ol element.</longdesc><params name="position" type="Number"><desc>The position of the tab that is going to be clicked (no zero-based index).</desc></params></function><function cat="UI/Tabs" name="tabsLoad" return="jQuery" timestamp="2007-10-21T17:53:11Z"><desc>The method that you use to reload a remote (Ajax) tab in a tabs interface.</desc><longdesc>The selector must be the same as the one that was used for tabs initialisation, e.g. must match or can be the ul/ol element.</longdesc><params name="position" type="Number"><desc>The position of the tab that is going to be reloaded (no zero-based index).</desc></params><params name="url" optional="true" type="String"><desc>A URL the content of the tab is loaded from. The given URL is also set for subsequent loads, until a new URL is specified that is.</desc></params></function><function cat="UI/Tabs" name="tabsHref" return="jQuery" timestamp="2007-10-21T17:53:37Z"><desc>The method that you use to set a new URL for a remote (Ajax) tab in a tabs interface.</desc><longdesc>The selector must be the same as the one that was used for tabs initialisation, e.g. must match or can be the ul/ol element.</longdesc><params name="position" type="Number"><desc>The position of the tab which remote URL, e.g. href, is going to be updated (no zero-based index).</desc></params><params name="url" type="String"><desc>A URL the content of the tab is loaded from.</desc></params></function><function cat="UI/Tabs" name="tabsSelected" return="Number" timestamp="2007-09-14T14:22:49Z"><desc>Retrieve the position of the currently selected tab of the first matched tabs interface (no zero-based index).</desc><longdesc>The selector must be the same as the one that was used for tabs initialisation, e.g. must match or can be the ul/ol element. Returns -1 if no tab is currently selected.</longdesc></function></cat><cat value="UI/TabsExtensions"><function cat="UI/TabsExtensions" name="tabsRotate" return="jQuery" timestamp="2007-10-24T05:17:46Z"><desc>A method that you use to set up an automatic rotation through tabs of a tab pane.</desc><longdesc>The selector must be the same as the one that was used for tabs initialisation, e.g. must match or can be the ul/ol element. Rotation stops if a tab is clicked on. To stop the rotation programmatically call this method without any or some falsy argument, like 0 or null.</longdesc><params name="milliseconds" type="Number"><desc>Amount of time in milliseconds until the next tab in the cycle gets activated.</desc></params><example><desc>Start rotation with an interval of 5 seconds.</desc><code>$(&quot;.selector&quot;).tabsRotate(5000);</code></example><example><desc>Stop rotation.</desc><code>$(&quot;.selector&quot;).tabsRotate(null);</code></example></function></cat><cat value="UI/Shadow"><function cat="UI/Shadow" name="shadow" return="jQuery" timestamp="2007-09-16T09:48:40Z"><desc>Add a drop shadow to the matched elements.</desc><longdesc></longdesc><params name="options" type="Options"><desc>A set of key/value pairs that configure the shadow. All options are optional.</desc></params><option default="" name="color" type="String"><desc>The color of the drop shadow.</desc></option><option default="0" name="offset" type="Number"><desc>How far away the drop shadow is positioned from the element, in pixels.</desc></option><option default="0.2" name="opacity" type="Number"><desc>How transparent to make the drop shadow.</desc></option><example><desc>Adds a drop shadow to the example element.</desc><code>$(&quot;#example&quot;).shadow();</code><html>&lt;link rel=&quot;stylesheet&quot; href=&quot;http://dev.jquery.com/view/trunk/themes/flora/flora.all.css&quot; type=&quot;text/css&quot; media=&quot;screen&quot; title=&quot;Flora (Default)&quot;&gt;

&lt;script src=&quot;http://dev.jquery.com/view/trunk/plugins/dimensions/jquery.dimensions.js&quot;&gt;&lt;/script&gt;
&lt;script src=&quot;http://dev.jquery.com/view/trunk/plugins/ui/ui.shadow.js&quot;&gt;&lt;/script&gt;
&lt;img id=&quot;example&quot; style=&quot;height: 100px;&quot; src=&quot;http://dev.jquery.com/view/trunk/plugins/ui/demos/images/resizable.jpg&quot; /&gt;</html></example></function><function cat="UI/Shadow" name="shadowDestroy" return="jQuery" timestamp="2007-09-16T22:26:15Z"><desc>Destroys all shadows attached to the current jQuery elements.</desc><longdesc>Destroys all shadows on the current elements. Cannot be reverted.</longdesc></function><function cat="UI/Shadow" name="shadowEnable" return="jQuery" timestamp="2007-09-16T22:28:54Z"><desc>Enables shadows.</desc><longdesc>Re-enables shadows on the jQuery supplied that has been disabled before.</longdesc></function><function cat="UI/Shadow" name="shadowDisable" return="jQuery" timestamp="2007-09-16T22:31:47Z"><desc>Disables shadows.</desc><longdesc>Temporarily disables shadows on the current jQuery. Can be re-enabled again later on.</longdesc></function></cat><cat value="UI/Magnifier"><function cat="UI/Magnifier" name="magnifier" return="jQuery" timestamp="2007-09-29T01:29:26Z"><desc>Make the contents of the selected elements magnify upon mouse proximity.</desc><longdesc></longdesc><params name="options" type="Options"><desc>A set of key/value pairs that configure the magnifier. All options are optional.</desc></params><option default="0" name="baseline" type="Number"><desc>The direction in which the element will rise. Set to -1 to make the element rise up.</desc></option><option default="150" name="distance" type="Number"><desc>How far away the mouse needs to be, in pixels, before it begins having an effect on the element.</desc></option><option default="2" name="magnification" type="Number"><desc>The factor by which the element will be magnified when the mouse is completely over it.</desc></option><option default="{min: 1, max: 1}" name="opacity" type="Object{min:Number, max:Number}"><desc>The minimum and maximum opacity that an element transitions inbetween (the maximum opacity will be set when the mouse is completely over the element).</desc></option><option default="false" name="overlap" type="Boolean"><desc>Allow the magnified elements to overlap each other, as opposed to pushing each other out of the way.</desc></option><option default="" name="zIndex" type="Number"><desc>The index that the active element takes.</desc></option><option name="click" type="function(e, ui)"><desc>This function is called when the user clicks on one of the magnified items.&lt;br /&gt;

The argument &lt;b&gt;e&lt;/b&gt; is the (click) event.&lt;br /&gt;
The argument &lt;b&gt;ui&lt;/b&gt; is an object with three properties:&lt;br /&gt;
&lt;ul&gt;

&lt;li&gt;&lt;b&gt;options&lt;/b&gt; (ui.options)&lt;br /&gt;
A copy of the options set for this magnifier&lt;/li&gt;
&lt;li&gt;&lt;b&gt;current&lt;/b&gt; (ui.current)&lt;br /&gt;

The DOM element clicked&lt;br /&gt;
&lt;li&gt;&lt;b&gt;currentOffset&lt;/b&gt; (ui.currentOffset)&lt;/li&gt;
The offset object of the clicked DOM element.  (This saves the overhead of reprocessing the element's .offset() .)  Offset object has two properties, top and left, which give the offset relative to the body.&lt;/li&gt;
&lt;/ul&gt;</desc></option><example><desc>Makes the images in the block magnify on mouse move.</desc><code>$(&quot;#example&quot;).magnifier();</code><html>&lt;script src=&quot;http://dev.jquery.com/view/trunk/plugins/dimensions/jquery.dimensions.js&quot;&gt;&lt;/script&gt;

&lt;script src=&quot;http://dev.jquery.com/view/trunk/plugins/ui/ui.mouse.js&quot;&gt;&lt;/script&gt;
  &lt;script src=&quot;http://dev.jquery.com/view/trunk/plugins/ui/ui.magnifier.js&quot;&gt;&lt;/script&gt;
&lt;div id='example' class=&quot;ui-wrapper example&quot; style=&quot;padding: 20px;&quot;&gt;
	&lt;img src=&quot;http://dev.jquery.com/view/trunk/plugins/ui/demos/images/clock.png&quot; width=&quot;48&quot; align=&quot;left&quot; /&gt;

	&lt;img src=&quot;http://dev.jquery.com/view/trunk/plugins/ui/demos/images/clock.png&quot; width=&quot;48&quot; align=&quot;left&quot; /&gt;
	&lt;img src=&quot;http://dev.jquery.com/view/trunk/plugins/ui/demos/images/clock.png&quot; width=&quot;48&quot; align=&quot;left&quot; /&gt;

	&lt;img src=&quot;http://dev.jquery.com/view/trunk/plugins/ui/demos/images/clock.png&quot; width=&quot;48&quot; align=&quot;left&quot; /&gt;
	&lt;img src=&quot;http://dev.jquery.com/view/trunk/plugins/ui/demos/images/clock.png&quot; width=&quot;48&quot; align=&quot;left&quot; /&gt;

	&lt;img src=&quot;http://dev.jquery.com/view/trunk/plugins/ui/demos/images/clock.png&quot; width=&quot;48&quot; align=&quot;left&quot; /&gt;
&lt;/div&gt;
</html></example></function><function cat="UI/Magnifier" name="magnifierInstance" return="Instance" timestamp="2007-09-16T22:43:33Z"><desc>Returns the OO instance of the current magnifier.</desc><longdesc>For the advanced, this function is very useful to modify internals of the magnifier after initializing it. It returns a javascript function instance.</longdesc></function><function cat="UI/Magnifier" name="magnifierDestroy" return="jQuery" timestamp="2007-09-16T22:44:46Z"><desc>Destroys all magnifier functionality in the current jQuery.</desc><longdesc>Destroys all magnifier functionality in the current jQuery.</longdesc></function><function cat="UI/Magnifier" name="magnifierReset" return="jQuery" timestamp="2007-09-16T22:49:32Z"><desc>Resets the magnifying on a magnified set of elements.</desc><longdesc>This option resets the magnification to zero on the current set. It's very useful if you want to have another effect on click, for example.</longdesc></function><function cat="UI/Magnifier" name="magnifierEnable" return="jQuery" timestamp="2007-09-16T22:47:24Z"><desc>Enables magnifying.</desc><longdesc>Re-enables magnifying on the jQuery supplied that has been disabled before.</longdesc></function><function cat="UI/Magnifier" name="magnifierDisable" return="jQuery" timestamp="2007-09-16T22:51:18Z"><desc>Disables magnification.</desc><longdesc>Temporarily disables magnification on the current jQuery. Can be re-enabled again later on.</longdesc></function></cat></docs>

